direct,actor,date,long,type,rate,comment_sum,name,money,year,country
林超贤,张译,2018-02-16,138.0,动作 ,8.3,504640.0,红海行动,365078,2018,cn
陈思诚,王宝强,2018-02-16,121.0,喜剧 ,6.7,450711.0,唐人街探案2,339769,2018,cn
吴京,吴京,2017-07-27,123.0,动作,7.1,570724.0,战狼2,567925,2017,cn
周星驰,邓超,2016-02-08,93.0,喜剧 ,6.7,467457.0,美人鱼,339211,2016,cn
文牧野,徐峥,2018-07-05,117.0,剧情 ,9.0,814468.0,我不是药神,309713,2018,cn
许诚毅,白百何,2015-07-16,118.0,喜剧 ,6.7,306994.0,捉妖记,244002,2015,cn
闫非 ,沈腾,2018-07-27,118.0,喜剧,6.6,425739.0,西虹市首富,254718,2018,cn
许诚毅,梁朝伟,2018-02-16,110.0,喜剧 ,5.0,176057.0,捉妖记2,223707,2018,cn
宋阳 ,艾伦,2017-09-30,100.0,喜剧 ,6.9,414061.0,羞羞的铁拳,220175,2017,cn
迈克尔·贝,马克·沃尔伯格,2014-06-27,166.0,动作 ,6.5,215443.0,变形金刚4：绝迹重生,197752,2014,cn
唐季礼,成龙,2017-01-28,108.0,喜剧 ,5.0,120763.0,功夫瑜伽,175260,2017,cn
田羽生,韩庚,2017-12-29,120.0,喜剧 ,5.5,252173.0,前任3：再见前任,194083,2017,cn
乌尔善,陈坤,2015-12-18,125.0,剧情 ,7.5,389814.0,寻龙诀,168274,2015,cn
徐克,吴亦凡,2017-01-28,108.0,喜剧 ,5.6,257112.0,西游伏妖篇,165593,2017,cn
闫非 ,沈腾,2015-09-30,104.0,喜剧 ,7.5,454780.0,夏洛特烦恼,144161,2015,cn
徐峥,徐峥,2015-09-25,114.0,喜剧,5.6,244916.0,港囧,161410,2015,cn
冯小刚,黄轩,2017-12-15,136.0,剧情 ,7.6,498086.0,芳华,142241,2017,cn
刘若英,井柏然,2018-04-28,120.0,剧情 ,5.9,211567.0,后来的我们,136152,2018,cn
黄渤,黄渤,2018-08-10,134.0,剧情 ,7.2,427663.0,一出好戏,135132,2018,cn
徐峥,徐峥,2012-12-12,105.0,喜剧,7.4,502188.0,人再囧途之泰囧,127193,2012,cn
庄文强,周润发,2018-09-30,130.0,剧情 ,8.2,266045.0,无双,127168,2018,cn
周星驰 ,文章,2013-02-10,110.0,喜剧 ,7.1,397009.0,西游降魔篇,124699,2013,cn
郑保瑞,郭富城,2016-02-08,120.0,喜剧 ,5.6,105811.0,西游记之孙悟空三打白骨精,120101,2016,cn
张艺谋,马特·达蒙,2016-12-16,104.0,动作 ,4.9,262100.0,长城,117457,2016,cn
林超贤,张涵予,2016-09-30,124.0,动作 ,8.0,428163.0,湄公河行动,118535,2016,cn
宁浩,黄渤,2014-09-30,118.0,喜剧 ,7.0,298925.0,心花路放,116934,2014,cn
大鹏,大鹏,2015-07-17,113.0,喜剧,5.9,241891.0,煎饼侠,116276,2015,cn
王晶 ,周润发,2016-02-08,112.0,喜剧 ,4.0,79608.0,澳门风云3,111818,2016,cn
韩寒,邓超,2017-01-28,102.0,剧情 ,6.8,359304.0,乘风破浪,104853,2017,cn
郑保瑞,甄子丹,2014-01-31,119.0,动作 ,4.1,111009.0,西游记之大闹天宫,104550,2014,cn
吕寅荣 ,杰克·布莱克,2016-01-29,95.0,喜剧 ,7.6,205264.0,功夫熊猫3,100200,2016,cn
李仁港,井柏然,2016-08-05,123.0,悬疑 ,4.7,137566.0,盗墓笔记,100453,2016,cn
王晶 ,周润发,2015-02-19,110.0,喜剧 ,5.5,100836.0,澳门风云2,97486,2015,cn
田晓鹏,张磊,2015-07-10,89.0,喜剧 ,8.2,419854.0,西游记之大圣归来,95652,2015,cn
雷尼·哈林,成龙,2016-07-21,111.0,喜剧 ,5.6,64593.0,绝地逃亡,88950,2016,cn
管虎,冯小刚,2015-12-24,137.0,剧情 ,7.8,461855.0,老炮儿,90280,2015,cn
苏伦,雷佳音,2018-05-18,101.0,喜剧 ,6.9,274104.0,超时空同居,89988,2018,cn
徐克,张涵予,2014-12-23,141.0,动作 ,7.7,242769.0,智取威虎山,88326,2014,cn
成龙,成龙,2012-12-20,122.0,喜剧 ,6.6,209677.0,十二生肖,88118,2012,cn
克里斯托弗·麦奎里,汤姆·克鲁斯,2015-09-08,131.0,动作 ,7.7,210439.0,碟中谍5：神秘国度,86977,2015,cn
张一白,邓超,2016-09-29,113.0,喜剧 ,5.2,190226.0,从你的全世界路过,81423,2016,cn
陈思诚,王宝强,2018-02-16,121.0,喜剧 ,6.7,450715.0,唐人街探案,82442,2015,cn
薛晓路,汤唯,2016-04-29,131.0,喜剧 ,6.5,171324.0,北京遇上西雅图之不二情书,78680,2016,cn
叶伟信,甄子丹,2016-03-04,105.0,剧情 ,6.3,80630.0,叶问3,77031,2016,cn
沙恩·布莱克,小罗伯特·唐尼,2013-05-01,134.0,动作 ,7.7,258932.0,钢铁侠3,75487,2013,cn
王宝强,王宝强,2017-01-28,100.0,喜剧 ,3.7,77915.0,大闹天竺,75793,2017,cn
李芳芳,章子怡,2018-01-12,138.0,剧情 ,7.6,364102.0,无问西东,75430,2018,cn
李仁港,成龙,2015-02-19,127.0,动作 ,5.9,75691.0,天将雄师,74418,2015,cn
郑保瑞,郭富城,2018-02-16,116.0,喜剧 ,4.4,90765.0,西游记女儿国,72726,2018,cn
冯小刚,葛优,2013-12-19,118.0,喜剧,5.6,202817.0,私人订制,71380,2013,cn
让-雅克·阿诺,冯绍峰,2015-02-19,121.0,剧情 ,6.9,157502.0,狼图腾,70425,2015,cn
乌尔善,周迅,2012-06-28,135.0,剧情 ,5.9,179678.0,画皮2,70211,2012,cn
丁晟,成龙,2016-12-23,124.0,喜剧 ,5.1,67128.0,铁道飞虎,69985,2016,cn
谢涤葵 ,林志颖,2014-01-31,95.0,喜剧 ,6.0,76285.0,爸爸去哪儿,69673,2014,cn
郭子健,彭于晏,2017-07-13,123.0,剧情 ,5.0,159902.0,悟空传,69654,2017,cn
陆川,赵又廷,2015-09-30,115.0,动作 ,4.2,134692.0,九层妖塔,68293,2015,cn
梁乐民 ,郭富城,2016-07-08,110.0,剧情 ,6.9,161261.0,寒战2,67826,2016,cn
俞白眉 ,邓超,2014-06-27,116.0,喜剧 ,5.0,206249.0,分手大师,66544,2014,cn
宋晓飞 ,肖央,2016-12-30,116.0,喜剧,6.0,94740.0,情圣,65886,2016,cn
姜文,姜文,2010-12-16,132.0,剧情 ,8.7,776052.0,让子弹飞,65355,2010,cn
俞白眉 ,邓超,2015-12-24,124.0,喜剧,4.0,99544.0,恶棍天使,64959,2015,cn
冯小刚,徐帆,2010-07-22,139.0,剧情 ,7.5,242783.0,唐山大地震,65016,2010,cn
韩寒,冯绍峰,2014-07-24,104.0,剧情,7.1,427098.0,后会无期,62881,2014,cn
张艺谋,邓超,2018-09-30,116.0,剧情 ,7.4,203499.0,影,62828,2018,cn
文伟鸿,张家辉,2016-08-11,109.0,剧情 ,6.7,120619.0,使徒行者,60631,2016,cn
徐克,赵又廷,2018-07-27,132.0,动作 ,6.2,162730.0,狄仁杰之四大天王,60642,2018,cn
丁亮 ,张伟,2018-02-16,89.0,喜剧 ,6.8,9243.0,熊出没·变形记,60550,2018,cn
吴昱翰,黄才伦,2018-09-30,113.0,喜剧,5.0,72370.0,李茶的姑妈,60391,2018,cn
徐克,赵又廷,2013-09-28,133.0,动作 ,6.5,149708.0,狄仁杰之神都龙王,60078,2013,cn
张艺谋,克里斯蒂安·贝尔,2011-12-15,145.0,剧情 ,8.0,363218.0,金陵十三钗,59237,2011,cn
张一白,彭于晏,2014-12-05,119.0,爱情,5.3,164381.0,匆匆那年,58850,2014,cn
姜文,彭于晏,2018-07-13,137.0,剧情 ,7.2,251874.0,邪不压正,58348,2018,cn
梁旋 ,季冠霖,2016-07-08,105.0,剧情 ,6.7,283040.0,大鱼海棠,56533,2016,cn
王晶 ,甄子丹,2017-09-30,128.0,动作 ,7.2,171639.0,追龙,57465,2017,cn
郑保瑞,吴京,2015-06-18,120.0,剧情 ,7.3,111750.0,杀破狼2,56050,2015,cn
韦正,陈赫,2018-08-10,117.0,喜剧 ,3.0,186184.0,爱情公寓,55472,2018,cn
徐克,李连杰,2011-12-15,120.0,动作 ,6.7,194353.0,龙门飞甲,54031,2011,cn
吴京,吴京,2017-07-27,123.0,动作,7.1,570725.0,战狼,54555,2015,cn
陈可辛,黄晓明,2013-05-17,112.0,剧情,7.6,406323.0,中国合伙人,53880,2013,cn
马丁·坎贝尔,成龙,2017-09-30,113.0,动作 ,7.1,138120.0,英伦对决,53695,2017,cn
丁晟,成龙,2013-12-24,108.0,剧情 ,5.7,79718.0,警察故事2013,53439,2013,cn
陈凯歌,黄轩,2017-12-22,129.0,剧情 ,6.9,429242.0,妖猫传,52974,2017,cn
赵小丁 ,刘亦菲,2017-08-03,109.0,爱情 ,3.9,159470.0,三生三世十里桃花,53454,2017,cn
王晶 ,周润发,2016-02-08,112.0,喜剧 ,4.0,79608.0,澳门风云,52479,2014,cn
林永长 ,尚雯婕,2017-01-28,90.0,动画 ,6.4,9430.0,熊出没之奇幻空间,52249,2017,cn
郭敬明,杨幂,2014-07-17,126.0,剧情 ,4.3,146806.0,小时代3：刺金时代,52156,2014,cn
叶伟信,古天乐,2017-08-17,101.0,剧情 ,7.1,109798.0,杀破狼·贪狼,52157,2017,cn
薛晓路,汤唯,2013-03-21,123.0,喜剧 ,7.4,419458.0,北京遇上西雅图,52017,2013,cn
姜文,姜文,2014-12-18,140.0,剧情 ,6.4,203594.0,一步之遥,51495,2014,cn
韩延,李易峰,2018-06-29,132.0,剧情 ,7.3,258814.0,动物世界,50899,2018,cn
韩延,白百何,2015-08-13,128.0,喜剧 ,7.4,242244.0,滚蛋吧！肿瘤君,51181,2015,cn
郭敬明,杨幂,2015-07-09,116.0,喜剧 ,4.6,101997.0,小时代4：灵魂尽头,48842,2015,cn
苏有朋,陈都灵,2015-04-24,117.0,爱情,5.4,143116.0,左耳,48522,2015,cn
郭敬明,杨幂,2013-06-27,116.0,剧情 ,4.7,275349.0,小时代,48478,2013,cn
冯小刚,范冰冰,2016-11-18,140.0,剧情 ,6.7,177096.0,我不是潘金莲,48373,2016,cn
张嘉佳,梁朝伟,2016-12-23,128.0,喜剧 ,4.0,167841.0,摆渡人,48297,2016,cn
大鹏,大鹏,2017-09-29,117.0,喜剧 ,6.6,195263.0,缝纫机乐队,45671,2017,cn
冯小刚,葛优,2010-12-22,120.0,喜剧 ,6.5,247019.0,非诚勿扰2,47159,2010,cn
郭帆,周冬雨,2014-04-25,98.0,剧情 ,5.8,176994.0,同桌的你,45576,2014,cn
帕特里克·休斯,西尔维斯特·史泰龙,2014-09-01,126.0,动作 ,6.7,81052.0,敢死队3,45327,2014,cn
胡笳 ,杨颖,2015-01-30,88.0,喜剧,3.4,39579.0,奔跑吧！兄弟,44644,2015,cn
林德禄 ,古天乐,2018-09-14,97.0,剧情 ,5.6,45804.0,反贪风暴3,44081,2018,cn
宁海强 ,唐国强,2015-08-28,111.0,历史 ,4.8,12896.0,百团大战,41367,2015,cn
鲍德熹 ,陈坤,2015-02-19,118.0,动作 ,4.2,63247.0,钟馗伏魔：雪妖魔灵,40923,2015,cn
叶伟民,吴镇宇,2014-07-18,90.0,剧情 ,4.8,72285.0,京城81号,41232,2014,cn
陈思诚,梁家辉,2014-02-14,121.0,爱情,6.1,127123.0,北京爱情故事,40555,2014,cn
苏有朋,王凯,2017-03-31,112.0,剧情 ,6.4,176710.0,嫌疑人X的献身,40203,2017,cn
陈凯歌,王宝强,2015-07-03,123.0,喜剧 ,5.4,141268.0,道士下山,40078,2015,cn
邱礼涛,刘德华,2017-04-28,120.0,动作 ,6.3,73696.0,拆弹专家,40049,2017,cn
张之亮,范冰冰,2014-07-31,103.0,动作 ,3.7,62130.0,白发魔女传之明月天国,38915,2014,cn
郭敬明,范冰冰,2016-09-29,121.0,动画 ,3.8,102362.0,爵迹,38291,2016,cn
郑芬芬,张子枫,2018-08-17,115.0,喜剧 ,6.9,146796.0,快把我哥带走,37411,2018,cn
何炅,李易峰,2015-07-10,107.0,爱情,4.1,92961.0,栀子花开,37901,2015,cn
杨庆,陈坤,2016-04-01,98.0,剧情 ,7.2,215376.0,火锅英雄,37054,2016,cn
冯小刚,张国立,2012-11-29,146.0,剧情 ,7.5,163398.0,一九四二,37113,2012,cn
陈正道,杨子姗,2015-01-08,131.0,喜剧 ,7.2,223006.0,重返20岁,36612,2015,cn
刘镇伟,韩庚,2016-09-14,93.0,喜剧 ,3.6,48405.0,大话西游3,36605,2016,cn
任鹏远,徐峥,2018-04-28,114.0,剧情 ,5.7,108897.0,幕后玩家,35861,2018,cn
吴君如,吴君如,2017-12-29,88.0,喜剧 ,4.2,83057.0,妖铃铃,36304,2017,cn
落落,赵英博,2018-09-21,104.0,剧情 ,5.8,71358.0,悲伤逆流成河,35491,2018,cn
陈可辛,赵薇,2014-09-25,130.0,剧情 ,8.4,296857.0,亲爱的,34497,2014,cn
杨文军 ,黄晓明,2015-04-30,107.0,爱情,3.6,106364.0,何以笙箫默,35352,2015,cn
周拓如,吴亦凡,2016-07-08,98.0,剧情 ,4.1,87043.0,致青春·原来你还在这里,33686,2016,cn
西蒙·韦斯特,西尔维斯特·史泰龙,2012-09-04,103.0,动作 ,6.8,103474.0,敢死队2,33218,2012,cn
洪金宝,洪金宝,2016-04-01,99.0,剧情 ,5.3,44005.0,我的特工爷爷,32445,2016,cn
易小星,白客,2015-12-18,95.0,喜剧 ,5.5,139279.0,万万没想到,32251,2015,cn
蒂姆·肯德尔,赵薇,2015-06-26,118.0,喜剧 ,4.4,65846.0,横冲直撞好莱坞,32236,2015,cn
滕华涛,白百何,2011-11-08,110.0,剧情 ,7.3,431100.0,失恋33天,32064,2011,cn
李晨,李晨,2017-09-29,115.0,剧情 ,5.1,51070.0,空天猎,31775,2017,cn
袁锦麟,刘德华,2013-12-12,104.0,动作 ,6.4,84428.0,风暴,31475,2013,cn
钱嘉乐,郑伊健,2018-09-21,99.0,动作 ,5.0,25772.0,黄金兄弟,31532,2018,cn
张立嘉,成龙,2017-12-22,110.0,剧情 ,4.7,31153.0,机器之血,30533,2017,cn
麦兆辉 ,刘青云,2014-05-29,130.0,动作 ,6.2,112295.0,窃听风云3,30870,2014,cn
曹保平,邓超,2015-08-27,139.0,剧情 ,8.0,298432.0,烈日灼心,30524,2015,cn
谢东燊,廖凡,2017-08-11,110.0,动作 ,4.9,94363.0,心理罪,30397,2017,cn
孙健君,刘德华,2013-06-09,122.0,动作 ,2.9,90367.0,天机·富春山居图,30032,2013,cn
袁和平,大鹏,2017-12-14,113.0,动作 ,4.4,86862.0,奇门遁甲,29964,2017,cn
郭敬明,杨幂,2013-08-08,116.0,剧情 ,4.9,155774.0,小时代2：青木时代,29630,2013,cn
丁亮 ,张伟,2015-01-30,96.0,喜剧 ,7.3,8444.0,熊出没之雪岭熊风,29572,2015,cn
陈正道,黄渤,2017-04-28,119.0,剧情 ,7.1,214710.0,记忆大师,29292,2017,cn
肖洋,冯绍峰,2017-12-29,110.0,喜剧 ,5.5,90637.0,二代妖精之今生有幸,29217,2017,cn
张艺谋,陈道明,2014-05-16,111.0,剧情 ,7.8,203960.0,归来,29147,2014,cn
王家卫,梁朝伟,2013-01-08,111.0,剧情,7.9,332392.0,一代宗师,28924,2013,cn
丁亮 ,张伟,2016-01-16,96.0,喜剧 ,6.2,5165.0,熊出没之熊心归来,28775,2016,cn
顾长卫,杨颖,2014-12-24,98.0,喜剧 ,4.6,63873.0,微爱之渐入佳境,28637,2014,cn
徐克,刘德华,2010-09-29,123.0,动作 ,6.5,178581.0,狄仁杰之通天帝国,28620,2010,cn
吕乐,姚晨,2018-10-05,102.0,剧情,7.5,53720.0,找到你,28450,2018,cn
刘江,高圆圆,2015-04-02,127.0,喜剧 ,5.9,65606.0,咱们结婚吧,28449,2015,cn
王子鸣,文章,2013-06-21,98.0,喜剧 ,4.6,106438.0,不二神探,28401,2013,cn
许安,李连杰,2016-07-29,109.0,剧情 ,2.9,45337.0,封神传奇,28397,2016,cn
吴宇森,梁朝伟,2008-07-10,,剧情 ,6.3,132440.0,赤壁(上),27686,2008,cn
徐静蕾,吴亦凡,2015-02-10,109.0,爱情,4.9,125150.0,有一个地方只有我们知道,28365,2015,cn
陈德森,甄子丹,2009-12-18,,剧情 ,7.7,235945.0,十月围城,27970,2009,cn
林玉芬,郑爽,,45.0,剧情 ,6.5,89036.0,微微一笑很倾城,27585,2016,cn
陈正道,徐峥,2014-04-29,104.0,剧情 ,7.6,239090.0,催眠大师,27389,2014,cn
路阳,张震,2017-07-19,120.0,剧情 ,7.2,240463.0,绣春刀·修罗战场,26569,2017,cn
管虎,刘烨,2013-03-29,108.0,喜剧 ,7.0,180081.0,厨子戏子痞子,27284,2013,cn
包贝尔,文章,2018-09-30,,喜剧 ,3.9,14504.0,胖子行动队,26081,2018,cn
王晶,刘德华,2016-09-30,102.0,喜剧 ,3.3,28402.0,王牌逗王牌,26034,2016,cn
冯小刚,葛优,2008-12-18,130.0,喜剧 ,7.1,288571.0,非诚勿扰,26000,2008,cn
宁浩,徐峥,2013-12-03,117.0,剧情 ,8.2,308828.0,无人区,25963,2013,cn
袁和平,甄子丹,2016-02-19,103.0,剧情 ,4.7,29732.0,卧虎藏龙：青冥宝剑,25625,2016,cn
田羽生,郑恺,2015-11-06,114.0,喜剧 ,5.0,60992.0,前任2：备胎反击战,25200,2015,cn
丁亮 ,张秉君,2014-01-17,95.0,喜剧 ,6.5,13588.0,熊出没之夺宝熊兵,24808,2014,cn
埃里克松·科尔,卢克·布雷西,2015-12-04,113.0,动作 ,6.9,71325.0,极盗者,24855,2015,cn
张艺谋,小沈阳,2009-12-11,,剧情,4.6,80814.0,三枪拍案惊奇,24388,2009,cn
吴宇森,梁朝伟,2009-01-08,,剧情 ,6.4,101785.0,赤壁(下),24354,2009,cn
陈木胜,刘青云,2013-11-29,134.0,剧情 ,7.3,133001.0,扫毒,23791,2013,cn
冯德伦,刘德华,2017-08-11,108.0,动作 ,5.2,47607.0,侠盗联盟,23687,2017,cn
吴有音,赵又廷,2018-02-01,117.0,爱情 ,6.7,67844.0,南极之恋,23448,2018,cn
麦兆辉 ,梁朝伟,2012-08-07,120.0,剧情 ,6.8,156373.0,听风者,23220,2012,cn
叶伟信,甄子丹,2010-04-27,108.0,动作 ,7.2,155362.0,叶问2：宗师传奇,23111,2010,cn
邹佡,谢霆锋,2014-09-05,106.0,爱情,5.1,77920.0,一生一世,22851,2014,cn
彭浩翔,周迅,2014-11-28,95.0,喜剧 ,5.7,138602.0,撒娇女人最好命,23049,2014,cn
饶晓志,陈建斌,2018-11-16,108.0,剧情 ,8.3,97408.0,无名之辈,22636,2018,cn
徐纪周,邓超,2017-12-22,124.0,动作 ,5.9,90764.0,心理罪之城市之光,22409,2017,cn
谢涤葵 ,黄磊,2015-02-19,96.0,喜剧 ,4.5,15858.0,爸爸去哪儿2,22352,2015,cn
韩杰,王俊凯,2017-12-29,109.0,剧情 ,5.0,84855.0,解忧杂货店,22305,2017,cn
钱人豪,张智霖,2017-07-06,93.0,剧情 ,3.8,20008.0,京城81号2,21887,2017,cn
彭三源,刘德华,2015-03-20,108.0,剧情,6.5,64011.0,失孤,21618,2015,cn
安相勋,杨幂,2015-10-30,112.0,剧情 ,6.1,93304.0,我是证人,21527,2015,cn
杜琪峰,刘德华,2013-07-04,129.0,喜剧 ,7.1,144766.0,盲探,21420,2013,cn
渡边信一郎,山寺宏一,,25.0,剧情 ,9.6,32096.0,赏金猎人,21351,2016,cn
陈木胜,刘德华,2011-01-19,132.0,剧情 ,5.9,88048.0,新少林寺,21258,2011,cn
许宏宇,金城武,2017-04-27,106.0,喜剧 ,6.8,197259.0,喜欢你,21075,2017,cn
林德禄 ,古天乐,2016-09-14,95.0,剧情 ,5.4,32844.0,反贪风暴2,20909,2016,cn
梁乐民 ,张学友,2015-04-30,119.0,剧情 ,6.0,76442.0,赤道,20974,2015,cn
麦兆辉 ,古天乐,2011-08-18,117.0,剧情 ,7.5,171757.0,窃听风云2,20896,2011,cn
黄真真,薛凯琪,2018-03-02,109.0,喜剧 ,2.6,14900.0,闺蜜,20494,2014,cn
陈国富 ,周迅,2009-09-29,118.0,剧情 ,8.1,310981.0,风声,20519,2009,cn
肖央,肖央,2014-07-10,114.0,剧情 ,5.7,104287.0,老男孩之猛龙过江,20887,2014,cn
陈嘉上 ,甄子丹,2008-09-26,103.0,剧情 ,6.6,281107.0,画皮,20471,2008,cn
尹鸿承,杨幂,2017-06-29,106.0,动作 ,4.8,47799.0,逆时营救,20123,2017,cn
蔡岳勋,赵又廷,2014-10-01,126.0,剧情 ,5.5,38966.0,痞子英雄2：黎明升起,20429,2014,cn
小沈阳,小沈阳,2018-06-15,99.0,喜剧 ,3.7,27355.0,猛虫过江,20361,2018,cn
赵薇,杨子姗,2013-04-26,132.0,剧情 ,6.6,366601.0,致我们终将逝去的青春,71918,2013,cn
卫铁,,2018-03-02,90.0,纪录片,,,厉害了，我的国,48056,2018,cn
韩三平 ,刘烨,2011-06-15,124.0,剧情 ,,,建党伟业,41041,2011,cn
刘伟强,刘烨,2017-07-27,133.0,剧情 ,,,建军大业,40348,2017,cn
韩三平 ,唐国强,2009-09-16,138.0,剧情 ,,,建国大业,39334,2009,cn
安东尼·罗素 ,小罗伯特·唐尼,2018-05-11,150.0,动作 ,8.1,425924.0,复仇者联盟3：无限战争,239053,2018,usa
迈克尔·贝,马克·沃尔伯格,2014-06-27,166.0,动作 ,6.5,215446.0,变形金刚4：绝迹重生,197752,2014,usa
温子仁,范·迪塞尔,2015-04-12,137.0,动作 ,8.3,293569.0,速度与激情7,242659,2015,usa
F·加里·格雷,范·迪塞尔,2017-04-14,136.0,动作 ,7.0,225089.0,速度与激情8,267096,2017,usa
鲁本·弗雷斯彻,汤姆·哈迪,2018-11-09,112.0,动作 ,7.3,225388.0,毒液：致命守护者,160357,2018,usa
迈克尔·贝,马克·沃尔伯格,2017-06-23,155.0,动作 ,4.8,154278.0,变形金刚5：最后的骑士,155124,2017,usa
胡安·安东尼奥·巴亚纳,克里斯·帕拉特,2018-06-15,128.0,动作 ,6.7,218486.0,侏罗纪世界2,169551,2018,usa
拜伦·霍华德 ,金妮弗·古德温,2016-03-04,109.0,喜剧 ,9.2,713245.0,疯狂动物城,153035,2016,usa
乔斯·韦登,小罗伯特·唐尼,2015-05-12,142.0,动作 ,7.2,278443.0,复仇者联盟2：奥创纪元,146439,2015,usa
胡安·安东尼奥·巴亚纳,克里斯·帕拉特,2018-06-15,128.0,动作 ,6.7,218487.0,侏罗纪世界,142073,2015,usa
史蒂文·斯皮尔伯格,泰伊·谢里丹,2018-03-30,140.0,动作 ,8.7,577089.0,头号玩家,139666,2018,usa
邓肯·琼斯,崔维斯·费米尔,2016-06-08,124.0,动作 ,7.7,209636.0,魔兽,147230,2016,usa
詹姆斯·卡梅隆,萨姆·沃辛顿,2010-01-04,162.0,动作 ,8.6,637453.0,阿凡达,133990,2010,usa
安东尼·罗素 ,克里斯·埃文斯,2016-05-06,148.0,动作 ,7.7,278825.0,美国队长3：英雄内战,124635,2016,usa
克里斯托弗·麦奎里,汤姆·克鲁斯,2018-08-31,147.0,动作 ,8.2,261418.0,碟中谍6：全面瓦解,124203,2018,usa
李·昂克里奇 ,安东尼·冈萨雷斯,2017-11-24,105.0,喜剧 ,9.0,593993.0,寻梦环游记,121186,2017,usa
艾斯彭·山德伯格 ,约翰尼·德普,2017-05-26,129.0,动作 ,7.2,217512.0,加勒比海盗5：死无对证,117991,2017,usa
张艺谋,马特·达蒙,2016-12-16,104.0,动作 ,4.9,262107.0,长城,117457,2016,usa
乔丹·沃格特-罗伯茨,汤姆·希德勒斯顿,2017-03-24,119.0,动作 ,6.6,146331.0,金刚：骷髅岛,116050,2017,usa
D·J·卡卢索,范·迪塞尔,2017-02-10,107.0,动作 ,5.6,84267.0,极限特工：终极回归,112741,2017,usa
保罗·安德森,米拉·乔沃维奇,2017-02-24,106.0,动作 ,6.5,156130.0,生化危机：终章,111182,2017,usa
迈克尔·贝,希亚·拉博夫,2011-07-21,154.0,动作 ,7.1,232522.0,变形金刚3,107189,2011,usa
凯尔·巴尔达 ,史蒂夫·卡瑞尔,2017-07-07,90.0,喜剧 ,6.8,151200.0,神偷奶爸3,103780,2017,usa
乔·德特杜巴,杰森·斯坦森,2018-08-10,115.0,动作 ,5.8,114100.0,巨齿鲨,104891,2018,usa
布拉德·佩顿,道恩·强森,2018-04-13,107.0,动作 ,6.4,94814.0,狂暴巨兽,100395,2018,usa
吕寅荣 ,杰克·布莱克,2016-01-29,95.0,喜剧 ,7.6,205267.0,功夫熊猫3,100200,2016,usa
乔恩·费儒,尼尔·塞西,2016-04-15,106.0,剧情 ,7.8,174354.0,奇幻森林,97939,2016,usa
王家卫,梁朝伟,2013-01-08,111.0,剧情,7.9,332403.0,泰坦尼克号3D,94620,2012,usa
雷尼·哈林,成龙,2016-07-21,111.0,喜剧 ,5.6,64594.0,绝地逃亡,88950,2016,usa
克里斯托弗·麦奎里,汤姆·克鲁斯,2015-09-08,131.0,动作 ,7.7,210441.0,碟中谍5：神秘国度,86977,2015,usa
佩顿·里德,保罗·路德,2018-08-24,118.0,动作 ,7.4,206675.0,蚁人2：黄蜂女现身,82927,2018,usa
J·J·艾布拉姆斯,黛西·雷德利,2016-01-09,135.0,动作 ,7.1,153954.0,星球大战：原力觉醒,82558,2016,usa
布莱恩·辛格,詹姆斯·麦卡沃伊,2016-06-03,144.0,动作 ,7.7,234371.0,X战警：天启,80292,2016,usa
乔·沃茨,汤姆·赫兰德,2017-09-08,133.0,动作 ,7.3,237846.0,蜘蛛侠：英雄归来,77414,2017,usa
彼得·杰克逊,马丁·弗瑞曼,2015-01-23,144.0,动作 ,8.3,219429.0,霍比特人3：五军之战,76650,2015,usa
克里斯托弗·诺兰,马修·麦康纳,2014-11-12,169.0,剧情 ,9.2,651783.0,星际穿越,75533,2014,usa
沙恩·布莱克,小罗伯特·唐尼,2013-05-01,134.0,动作 ,7.7,258938.0,钢铁侠3,75487,2013,usa
斯科特·德瑞克森,本尼迪克特·康伯巴奇,2016-11-04,115.0,动作 ,7.6,326069.0,奇异博士,75170,2016,usa
马特·里夫斯,安迪·瑟金斯,2017-09-15,140.0,剧情 ,6.8,140669.0,猩球崛起3：终极之战,73978,2017,usa
塔伊加·维迪提,克里斯·海姆斯沃斯,2017-11-03,130.0,动作 ,7.4,231249.0,雷神3：诸神黄昏,74303,2017,usa
詹姆斯·曼高德,休·杰克曼,2017-03-03,123.0,剧情 ,8.3,279481.0,金刚狼3：殊死一战,73163,2017,usa
安东尼·罗素 ,克里斯·埃文斯,2014-04-04,136.0,动作 ,7.9,265859.0,美国队长2：冬日战士,71853,2014,usa
布莱恩·辛格,休·杰克曼,2014-05-23,131.0,动作 ,8.2,291974.0,X战警：逆转未来,72297,2014,usa
阿兰·泰勒,阿诺·施瓦辛格,2015-08-23,126.0,动作 ,6.9,99035.0,终结者：创世纪,72536,2015,usa
马特·里夫斯,安迪·瑟金斯,2014-08-29,130.0,剧情 ,7.5,185471.0,猩球崛起2：黎明之战,70923,2014,usa
扎克·施奈德,本·阿弗莱克,2017-11-17,120.0,动作 ,6.5,176300.0,正义联盟,69011,2017,usa
詹姆斯·古恩,克里斯·帕拉特,2017-05-05,136.0,动作 ,8.0,270335.0,银河护卫队2,68611,2017,usa
斯蒂文·S·迪奈特,约翰·博耶加,2018-03-23,111.0,动作 ,5.4,144575.0,环太平洋,69475,2013,usa
佩顿·里德,保罗·路德,2015-10-16,117.0,动作 ,7.6,258420.0,蚁人,67176,2015,usa
布拉德·伯德,汤姆·克鲁斯,2012-01-28,133.0,动作 ,8.3,289086.0,碟中谍4,67225,2012,usa
罗森·马歇尔·瑟伯,道恩·强森,2018-07-20,102.0,动作 ,6.4,87929.0,摩天营救,66975,2018,usa
瑞恩·库格勒,查德维克·博斯曼,2018-03-09,134.0,动作 ,6.4,232402.0,黑豹,66259,2018,usa
布拉德·佩顿,道恩·强森,2015-06-02,114.0,动作 ,7.0,103490.0,末日崩塌,62967,2015,usa
朱浩伟,杰西·艾森伯格,2016-06-24,130.0,剧情 ,6.6,155061.0,惊天魔盗团2,63897,2016,usa
斯蒂文·S·迪奈特,约翰·博耶加,2018-03-23,111.0,动作 ,5.4,144575.0,环太平洋2：雷霆再起,63322,2018,usa
艾里克斯·库兹曼,汤姆·克鲁斯,2017-06-09,110.0,动作 ,4.7,91618.0,新木乃伊,62560,2017,usa
派蒂·杰金斯,盖尔·加朵,2017-06-02,141.0,动作 ,7.1,272389.0,神奇女侠,61010,2017,usa
扎克·施奈德,本·阿弗莱克,2016-03-25,151.0,动作 ,6.7,167128.0,蝙蝠侠大战超人：正义黎明,61910,2016,usa
吕寅荣,杰克·布莱克,2011-05-28,91.0,喜剧 ,8.0,295988.0,功夫熊猫2,61207,2011,usa
拉斯·霍尔斯道姆,乔什·加德,2017-03-03,101.0,剧情 ,7.7,201239.0,一条狗的使命,60808,2017,usa
大卫·叶茨,埃迪·雷德梅恩,2016-11-25,133.0,剧情 ,7.8,338542.0,神奇动物在哪里,59174,2016,usa
詹姆斯·古恩,克里斯·帕拉特,2017-05-05,136.0,动作 ,8.0,270335.0,银河护卫队,59612,2014,usa
比尔·康顿,艾玛·沃森,2017-03-17,129.0,爱情 ,7.1,204112.0,美女与野兽,59165,2017,usa
罗兰·艾默里奇,约翰·库萨克,2009-11-13,158.0,动作 ,7.8,327333.0,2012世界末日,58812,2009,usa
雷德利·斯科特,马特·达蒙,2015-11-25,144.0,剧情 ,8.4,349623.0,火星救援,58690,2015,usa
马克·韦布,安德鲁·加菲尔德,2014-05-04,142.0,动作 ,7.3,152471.0,超凡蜘蛛侠2,58559,2014,usa
李安,苏拉·沙玛,2012-11-22,127.0,剧情 ,9.0,717809.0,少年派的奇幻漂流,57290,2012,usa
乔斯·韦登,小罗伯特·唐尼,2012-05-05,142.0,动作 ,8.1,391766.0,复仇者联盟,56851,2012,usa
唐·霍尔 ,斯科特·安第斯,2015-02-28,102.0,喜剧 ,8.6,452393.0,超能陆战队,52644,2015,usa
萨姆·门德斯,丹尼尔·克雷格,2015-11-13,148.0,动作 ,6.2,124628.0,007：幽灵党,54209,2015,usa
巴里·索南菲尔德,威尔·史密斯,2012-05-25,103.0,喜剧 ,7.5,194798.0,黑衣人3,50343,2012,usa
费格尔·雷利 ,杰森·苏戴奇斯,2016-05-20,97.0,喜剧 ,7.0,74950.0,愤怒的小鸟,51398,2016,usa
罗兰·艾默里奇,利亚姆·海姆斯沃斯,2016-06-24,120.0,动作 ,5.6,84703.0,独立日：卷土重来,50324,2016,usa
罗阿尔·乌索格,艾丽西亚·维坎德,2018-03-16,118.0,动作 ,6.0,100155.0,古墓丽影：源起之战,49747,2018,usa
加里斯·爱德华斯,亚伦·泰勒-约翰逊,2014-06-13,123.0,动作 ,6.4,114468.0,哥斯拉,48142,2014,usa
杰克·卡斯丹,道恩·强森,2018-01-12,119.0,动作 ,6.9,117500.0,勇敢者游戏：决战丛林,49193,2018,usa
加里斯·爱德华斯,菲丽希缇·琼斯,2017-01-06,134.0,动作 ,7.3,125210.0,星球大战外传：侠盗一号,47818,2017,usa
马修·沃恩,塔伦·埃格顿,2017-10-20,141.0,喜剧 ,6.9,224526.0,王牌特工2：黄金圈,47385,2017,usa
罗伯·马歇尔,约翰尼·德普,2011-05-20,136.0,动作 ,7.5,229180.0,加勒比海盗4：惊涛怪浪,46447,2011,usa
彼得·杰克逊,伊恩·麦克莱恩,2014-02-21,161.0,动作 ,8.2,218577.0,霍比特人2：史矛革之战,46272,2014,usa
克里斯托弗·诺兰,莱昂纳多·迪卡普里奥,2010-09-01,148.0,剧情 ,9.3,966459.0,盗梦空间,46236,2010,usa
帕特里克·休斯,西尔维斯特·史泰龙,2014-09-01,126.0,动作 ,6.7,81053.0,敢死队3,45327,2014,usa
麦克·特米尔 ,阿兹·安萨里,2012-07-27,88.0,喜剧 ,8.0,158629.0,冰川时代4：大陆漂移,44743,2012,usa
麦克·特米尔 ,西蒙·佩吉,2016-08-23,94.0,喜剧 ,6.7,47734.0,冰川时代5：星际碰撞,44730,2016,usa
保罗·格林格拉斯,马特·达蒙,2016-08-23,123.0,动作 ,7.3,131437.0,谍影重重5,44714,2016,usa
林诣彬,克里斯·派恩,2016-09-02,122.0,动作 ,7.3,102353.0,星际迷航3：超越星辰,44101,2016,usa
凯尔·巴尔达 ,桑德拉·布洛克,2015-09-13,91.0,喜剧 ,7.4,154248.0,小黄人大眼萌,43580,2015,usa
肯尼思·布拉纳,莉莉·詹姆斯,2015-03-13,106.0,爱情 ,6.8,134251.0,灰姑娘,44478,2015,usa
阿方索·卡隆,桑德拉·布洛克,2013-11-19,91.0,科幻 ,7.8,278126.0,地心引力,43564,2013,usa
迪安·德夫林,杰拉德·巴特勒,2017-10-27,109.0,动作 ,6.0,58182.0,全球风暴,43380,2017,usa
梅尔·吉布森,安德鲁·加菲尔德,2016-12-08,139.0,剧情 ,8.7,386475.0,血战钢锯岭,42659,2016,usa
林诣彬,范·迪塞尔,2013-07-26,130.0,动作 ,7.7,171596.0,速度与激情6,41331,2013,usa
斯科特·沃,亚伦·保尔,2014-03-14,130.0,剧情 ,7.2,71597.0,极品飞车,41168,2014,usa
鲍德熹 ,陈坤,2015-02-19,118.0,动作 ,4.2,63248.0,钟馗伏魔：雪妖魔灵,40923,2015,usa
道格·里曼,汤姆·克鲁斯,2014-06-06,114.0,动作 ,8.1,281377.0,明日边缘,40642,2014,usa
迈克尔·贝,希亚·拉博夫,2009-06-24,150.0,动作 ,7.6,246352.0,变形金刚2,40366,2009,usa
迪恩·德布洛斯,杰伊·巴鲁切尔,2014-08-14,102.0,喜剧 ,7.9,151584.0,驯龙高手2,40333,2014,usa
大卫·叶茨,丹尼尔·雷德克里夫,2011-08-04,130.0,剧情 ,8.7,330806.0,哈利·波特与死亡圣器(下),40245,2011,usa
陈凯歌,王宝强,2015-07-03,123.0,喜剧 ,5.4,141272.0,道士下山,40078,2015,usa
柯克·德·米科 ,尼古拉斯·凯奇,2013-04-20,98.0,喜剧 ,8.7,433933.0,疯狂原始人,39473,2013,usa
扎克·施奈德,亨利·卡维尔,2013-06-20,143.0,动作 ,6.9,138077.0,超人：钢铁之躯,39449,2013,usa
戴夫·格林,梅根·福克斯,2016-07-02,113.0,喜剧 ,6.3,52619.0,忍者神龟2：破影而出,39360,2016,usa
克里斯·雷纳德 ,路易·C·K,2016-08-02,87.0,喜剧 ,7.5,145238.0,爱宠大机密,38924,2016,usa
詹姆斯·博宾,约翰尼·德普,2016-05-27,115.0,奇幻 ,6.7,87139.0,爱丽丝梦游仙境2：镜中奇遇记,38715,2016,usa
乔纳森·里贝斯曼,梅根·福克斯,2014-10-31,101.0,喜剧 ,6.4,85632.0,忍者神龟：变种时代,38679,2014,usa
布拉德·佩顿,道恩·强森,2012-02-10,94.0,动作 ,6.2,56723.0,地心历险记2：神秘岛,38655,2012,usa
亚利桑德罗·冈萨雷斯·伊纳里图,莱昂纳多·迪卡普里奥,2016-03-18,156.0,剧情 ,7.8,238395.0,荒野猎人,37740,2016,usa
萨姆·门德斯,丹尼尔·克雷格,2013-01-21,143.0,动作 ,7.0,179787.0,007：大破天幕杀机,37615,2013,usa
J·J·艾布拉姆斯,克里斯·派恩,2013-05-28,132.0,动作 ,7.9,161034.0,星际迷航：暗黑无界,35298,2013,usa
布拉德·伯德,格雷格·T·尼尔森,2018-06-22,118.0,喜剧 ,8.0,112913.0,超人总动员2,35418,2018,usa
史蒂文·斯皮尔伯格,山姆·尼尔,2013-08-20,,科幻 ,8.0,184094.0,侏罗纪公园,34947,2013,usa
阿兰·泰勒,克里斯·海姆斯沃斯,2013-11-08,112.0,动作 ,7.4,184328.0,雷神2：黑暗世界,34240,2013,usa
大卫·叶茨,埃迪·雷德梅恩,2018-11-16,134.0,奇幻 ,7.2,133581.0,神奇动物：格林德沃之罪,34013,2018,usa
巴巴克·纳加非,杰拉德·巴特勒,2016-04-08,98.0,动作 ,6.1,68784.0,伦敦陷落,33982,2015,usa
克里斯托弗·诺兰,菲恩·怀特海德,2017-09-01,107.0,剧情 ,8.4,387808.0,敦刻尔克,33960,2017,usa
丹尼斯·甘塞尔,杰森·斯坦森,2016-10-21,98.0,动作 ,5.6,60862.0,机械师2：复活,33898,2016,usa
朱浩伟,道恩·强森,2013-04-15,107.0,动作 ,6.4,71980.0,特种部队2：全面反击,33806,2013,usa
克里斯托弗·诺兰,克里斯蒂安·贝尔,2012-08-27,165.0,剧情 ,8.6,345683.0,蝙蝠侠：黑暗骑士崛起,33879,2012,usa
西蒙·韦斯特,西尔维斯特·史泰龙,2012-09-04,103.0,动作 ,6.8,103475.0,敢死队2,33218,2012,usa
皮埃尔·柯芬 ,史蒂夫·卡瑞尔,2014-01-10,99.0,喜剧 ,8.0,262509.0,神偷奶爸2,32411,2014,usa
蒂姆·肯德尔,赵薇,2015-06-26,118.0,喜剧 ,4.4,65846.0,横冲直撞好莱坞,32236,2015,usa
肖恩·利维,本·斯蒂勒,2015-01-04,98.0,喜剧 ,7.0,103747.0,博物馆奇妙夜3,32309,2015,usa
彼得·杰克逊,伊恩·麦克莱恩,2013-02-22,169.0,动作 ,8.2,251914.0,霍比特人1：意外旅程,31629,2013,usa
韦斯·鲍尔,迪伦·奥布莱恩,2018-01-26,142.0,动作 ,5.3,51129.0,移动迷宫3：死亡解药,31528,2018,usa
何塞·帕迪里亚,乔尔·金纳曼,2014-02-28,117.0,动作 ,6.3,63301.0,机械战警,31487,2014,usa
莫滕·泰杜姆,詹妮弗·劳伦斯,2017-01-13,116.0,科幻 ,6.9,132989.0,太空旅客,31449,2017,usa
马克·韦布,安德鲁·加菲尔德,2014-05-04,142.0,动作 ,7.3,152471.0,超凡蜘蛛侠,31457,2012,usa
雷德利·斯科特,迈克尔·法斯宾德,2017-06-16,122.0,科幻 ,7.3,160712.0,异形：契约,31117,2017,usa
彼得·博格,泰勒·克奇,2012-04-18,132.0,动作 ,6.6,96581.0,超级战舰,31011,2012,usa
罗伯特·斯特罗姆伯格,安吉丽娜·朱莉,2014-06-20,98.0,动作 ,6.9,130465.0,沉睡魔咒,29625,2014,usa
大卫·叶茨,亚历山大·斯卡斯加德,2016-07-19,110.0,动作 ,6.0,32388.0,泰山归来：险战丛林,30612,2016,usa
克里斯·巴克 ,克里斯汀·贝尔,2014-02-05,102.0,喜剧 ,8.3,348340.0,冰雪奇缘,29836,2014,usa
莉莉·沃卓斯基 ,查宁·塔图姆,2015-03-06,126.0,动作 ,5.4,60871.0,木星上行,28439,2015,usa
莱恩·约翰逊,马克·哈米尔,2018-01-05,152.0,动作 ,7.1,95945.0,星球大战：最后的绝地武士,26794,2018,usa
安德鲁·斯坦顿,泰勒·克奇,2012-03-16,132.0,动作 ,6.3,50051.0,异星战场,26011,2012,usa
袁和平,甄子丹,2016-02-19,103.0,剧情 ,4.7,29733.0,卧虎藏龙：青冥宝剑,25625,2016,usa
安德鲁·斯坦顿 ,艾伦·德杰尼勒斯,2016-06-17,97.0,喜剧 ,7.4,63233.0,海底总动员2：多莉去哪儿,25423,2016,usa
米凯尔·哈弗斯特罗姆,西尔维斯特·史泰龙,2013-11-04,116.0,动作 ,7.6,145220.0,金蝉脱壳,25388,2013,usa
埃里克·达尼尔 ,汤姆·麦格拉思,2014-11-14,92.0,喜剧 ,7.5,84008.0,马达加斯加的企鹅,25321,2014,usa
拉加·高斯内尔,尼尔·帕特里克·哈里斯,2011-08-10,103.0,喜剧 ,7.2,85221.0,蓝精灵,25253,2011,usa
林诣彬,范·迪塞尔,2011-05-12,130.0,动作 ,8.4,232174.0,速度与激情5,25217,2011,usa
埃里克松·科尔,卢克·布雷西,2015-12-04,113.0,动作 ,6.9,71327.0,极盗者,24855,2015,usa
詹姆斯·曼高德,休·杰克曼,2013-10-17,126.0,动作 ,6.3,119868.0,金刚狼2,24971,2013,usa
达米恩·查泽雷,瑞恩·高斯林,2017-02-14,128.0,剧情 ,8.3,428141.0,爱乐之城,24781,2017,usa
卡洛斯·沙尔丹哈,安妮·海瑟薇,2014-04-11,101.0,喜剧 ,7.6,86536.0,里约大冒险2,24246,2014,usa
肯尼思·布拉纳,肯尼思·布拉纳,2017-11-10,114.0,剧情 ,6.9,177952.0,东方快车谋杀案,23003,2017,usa
亚历克斯·普罗亚斯,尼古拉·科斯特-瓦尔道,2016-03-11,127.0,动作 ,6.5,33918.0,神战：权力之眼,23543,2016,usa
蒂姆·波顿,米娅·华希科沃斯卡,2010-03-26,,奇幻 ,7.1,241501.0,爱丽丝梦游仙境,22898,2010,usa
罗恩·克莱蒙兹 ,奥丽伊·卡瓦洛,2016-11-25,107.0,动画 ,7.5,86086.0,海洋奇缘,22702,2016,usa
乔纳森·里贝斯曼,艾伦·艾克哈特,2011-03-18,116.0,动作 ,6.0,87622.0,洛杉矶之战,22604,2011,usa
弗朗西斯·劳伦斯,詹妮弗·劳伦斯,2015-02-08,123.0,动作 ,5.9,100756.0,饥饿游戏3：嘲笑鸟(上),22510,2015,usa
雷德利·斯科特,劳米·拉佩斯,2012-09-02,124.0,科幻 ,7.3,216184.0,普罗米修斯,22321,2012,usa
格恩迪·塔塔科夫斯基,亚当·桑德勒,2018-08-17,98.0,喜剧 ,6.7,50475.0,精灵旅社3：疯狂假期,22292,2018,usa
约翰·卡拉辛斯基,艾米莉·布朗特,2018-05-18,90.0,惊悚 ,6.3,157552.0,寂静之地,22090,2018,usa
西尔维斯特·史泰龙,西尔维斯特·史泰龙,2010-08-20,103.0,动作 ,6.7,131172.0,敢死队,21631,2010,usa
加斯·詹宁斯 ,马修·麦康纳,2017-02-17,108.0,喜剧 ,8.1,151159.0,欢乐好声音,21621,2017,usa
沙恩·布莱克,波伊德·霍布鲁克,2018-10-26,107.0,动作 ,5.0,22663.0,铁血战士,21608,2018,usa
M·奈特·沙马兰,威尔·史密斯,2013-07-12,100.0,动作 ,5.5,52858.0,重返地球,21459,2013,usa
托尼·吉尔罗伊,杰瑞米·雷纳,2012-10-25,135.0,动作 ,6.7,103333.0,谍影重重4,21315,2012,usa
康拉德·弗农 ,本·斯蒂勒,2012-06-08,93.0,喜剧 ,8.2,126136.0,马达加斯加3,21008,2012,usa
约翰·摩尔,布鲁斯·威利斯,2013-03-14,98.0,动作 ,6.2,47419.0,虎胆龙威5,20126,2013,usa
丹·斯坎隆,比利·克里斯托,2013-08-23,104.0,喜剧 ,8.1,215098.0,怪兽大学,20968,2013,usa
鲁伯特·桑德斯,斯嘉丽·约翰逊,2017-04-07,107.0,动作 ,6.4,127273.0,攻壳机动队,20256,2017,usa
韦斯·鲍尔,迪伦·奥布莱恩,2015-11-04,132.0,动作 ,5.7,68476.0,移动迷宫2,19691,2015,usa
斯蒂芬·卓博斯基,雅各布·特伦布莱,2018-01-19,113.0,剧情 ,8.6,223076.0,奇迹男孩,19149,2018,usa
鲁伯特·瓦耶特,詹姆斯·弗兰科,2011-10-28,105.0,剧情 ,8.0,276193.0,猩球崛起,18436,2011,usa
盖·里奇,小罗伯特·唐尼,2012-01-15,129.0,动作 ,7.5,156189.0,大侦探福尔摩斯2,18807,2012,usa
布瑞克·埃斯纳尔,范·迪塞尔,2016-01-15,107.0,动作 ,5.8,39568.0,最后的巫师猎人,17989,2016,usa
罗兰·艾默里奇,查宁·塔图姆,2013-07-22,132.0,动作 ,7.3,87194.0,惊天危机,17727,2013,usa
盖瑞·罗斯,詹妮弗·劳伦斯,2012-06-14,142.0,动作 ,6.8,237174.0,饥饿游戏,17466,2012,usa
乔恩·费儒,小罗伯特·唐尼,2010-05-07,,动作 ,7.3,215194.0,钢铁侠2,17510,2010,usa
凯利·阿斯博瑞,黛米·洛瓦托,2017-04-21,90.0,喜剧 ,6.3,10972.0,蓝精灵：寻找神秘村,17393,2017,usa
谢尔盖·波德罗夫,杰夫·布里吉斯,2015-01-16,103.0,奇幻 ,5.0,24937.0,第七子：降魔之战,17294,2015,usa
蒂姆·约翰逊,吉姆·帕森斯,2015-04-24,94.0,喜剧 ,7.3,48426.0,疯狂外星人,17215,2015,usa
卡洛斯·沙尔丹哈,约翰·塞纳,2018-01-19,108.0,喜剧 ,7.2,30589.0,公牛历险记,17201,2018,usa
路易斯·莱特里尔,萨姆·沃辛顿,2010-04-16,106.0,动作 ,6.0,77718.0,诸神之战,17198,2010,usa
弗朗西斯·劳伦斯,詹妮弗·劳伦斯,2013-11-21,146.0,动作 ,7.3,159653.0,饥饿游戏2：星火燎原,17194,2013,usa
汤姆·提克威 ,汤姆·汉克斯,2013-01-31,134.0,剧情 ,8.0,295471.0,云图,17020,2013,usa
李安,乔·阿尔文,2016-11-11,113.0,剧情 ,8.4,244732.0,比利·林恩的中场战事,16518,2016,usa
威尔·古勒,詹姆斯·柯登,2018-03-02,95.0,喜剧 ,7.2,55198.0,比得兔,16839,2018,usa
贾斯汀·库泽尔 ,迈克尔·法斯宾德,2017-02-24,116.0,动作 ,5.3,70669.0,刺客信条,16104,2017,usa
肯尼思·布拉纳,克里斯·派恩,2014-01-17,105.0,剧情 ,5.7,27234.0,一触即发,16064,2014,usa
尼尔·布洛姆坎普,马特·达蒙,2013-09-05,109.0,剧情 ,6.2,66803.0,极乐空间,15976,2013,usa
乔纳森·里贝斯曼,萨姆·沃辛顿,2012-03-30,,动作 ,5.9,40364.0,诸神之怒,16030,2012,usa
迈克·内威尔,杰克·吉伦哈尔,2010-05-28,116.0,动作 ,7.1,95217.0,波斯王子：时之刃,15907,2010,usa
吕寅荣 ,杰克·布莱克,2016-01-29,95.0,喜剧 ,7.6,205268.0,功夫熊猫,15238,2008,usa
大卫·叶茨,丹尼尔·雷德克里夫,2009-07-15,,剧情 ,7.6,191298.0,哈利·波特与混血王子,15524,2009,usa
卡洛斯·沙尔丹哈 ,雷·罗马诺,2009-07-08,,喜剧 ,8.2,161462.0,冰川时代3,15075,2009,usa
韦斯·鲍尔,迪伦·奥布莱恩,2014-10-28,113.0,动作 ,6.8,127425.0,移动迷宫,15044,2014,usa
约瑟夫·科辛斯基,汤姆·克鲁斯,2013-05-10,124.0,动作 ,6.9,101104.0,遗落战境,14850,2013,usa
弗朗西斯·劳伦斯,詹妮弗·劳伦斯,2015-11-20,136.0,动作 ,6.2,73964.0,饥饿游戏3：嘲笑鸟（下）,14350,2015,usa
罗伯·明可夫,李连杰,2008-04-24,104.0,动作 ,5.4,114875.0,功夫之王,14583,2008,usa
史蒂文·斯皮尔伯格,鲁比·巴恩希尔,2016-10-14,117.0,奇幻 ,6.7,52720.0,圆梦巨人,14325,2016,usa
路易斯·莱特里尔,杰西·艾森伯格,2013-10-10,115.0,剧情 ,7.6,297449.0,惊天魔盗团,14300,2013,usa
帕特里克·休斯,瑞恩·雷诺兹,2017-09-22,118.0,喜剧 ,7.2,95265.0,王牌保镖,13967,2017,usa
卡洛斯·沙尔丹哈,杰西·艾森伯格,2011-04-08,96.0,喜剧 ,8.3,236289.0,里约大冒险,13981,2011,usa
加文·胡德,阿萨·巴特菲尔德,2014-01-07,114.0,动作 ,6.9,114124.0,安德的游戏,13876,2014,usa
米歇尔·贡德里,塞斯·罗根,2011-02-08,119.0,喜剧 ,5.7,65029.0,青蜂侠,13819,2011,usa
拉加·高斯内尔,尼尔·帕特里克·哈里斯,2013-09-12,105.0,喜剧 ,6.4,19796.0,蓝精灵2,13775,2013,usa
布莱恩·菲,欧文·威尔逊,2017-08-25,102.0,喜剧 ,7.0,23613.0,赛车总动员3：极速挑战,13705,2017,usa
