room,hall,bathroom,size,floor,subway_distance,attention,visit,unit_price,price
1,1,1,66.45,28,1097,2,10,57938,385
2,1,1,56.7,6,429,5,11,93474,530
2,1,1,57.47,6,978,9,13,71342,410
1,1,1,61.26,17,,5,10,46523,285
3,1,2,141.37,17,1409,4,12,34307,485
2,1,1,80.84,15,1255,9,7,49357,399
1,1,1,45.77,25,414,4,12,89578,410
2,1,1,59.6,6,528,7,11,119966,715
2,1,1,66.82,7,748,6,15,52828,353
1,1,1,55.08,21,346,1,10,77705,428
1,1,1,30.13,18,530,34,14,138732,418
2,1,1,65,20,944,14,16,56000,364
2,1,1,62.08,6,1016,9,10,75387,468
2,1,1,76.93,14,447,7,12,102691,790
4,2,2,163.4,14,1047,0,11,36659,599
2,1,1,82,18,620,7,10,82927,680
3,1,2,127.41,17,559,4,10,103603,1320
2,1,2,39.09,16,530,11,7,137119,536
3,2,1,97.14,16,799,6,12,102944,1000
2,1,1,66.5,6,748,23,8,52331,348
2,1,1,72.38,21,504,35,9,49737,360
3,1,1,70.61,10,590,7,17,118963,840
2,1,1,61.5,16,591,3,12,120000,738
3,1,2,140.89,7,434,6,16,38683,545
3,1,1,62.29,5,573,25,13,60202,375
2,1,1,76.56,28,608,36,11,82158,629
2,1,1,79.75,25,522,45,9,45768,365
2,1,1,50.7,6,398,25,11,81854,415
1,1,1,43.59,18,627,20,0,55058,240
2,1,1,59.1,6,417,5,9,77834,460
2,1,1,40.1,5,290,11,19,149626,600
2,1,1,57.14,6,404,11,20,56003,320
2,1,1,56.5,5,319,24,44,56283,318
2,1,1,56.4,16,1151,6,48,149823,845
1,1,1,60.88,18,734,52,17,44350,270
2,1,1,62.27,16,446,6,21,110808,690
2,1,1,84.8,6,1370,4,23,42335,359
3,1,1,79.23,24,1042,15,14,60583,480
2,1,1,57.2,6,831,6,21,125000,715
2,1,1,57.3,6,1151,8,39,142408,816
2,1,2,124.13,7,404,30,18,140981,1750
3,1,2,138.46,25,230,4,16,79445,1100
1,1,1,47.8,18,688,11,26,134937,645
2,1,1,74,16,1151,36,37,125405,928
2,1,1,55.2,13,437,11,23,125000,690
3,1,1,89.6,17,729,10,29,53571,480
2,1,1,61.17,6,845,27,18,92856,568
2,1,1,53.97,6,867,31,52,68538,369
2,1,1,93.94,11,203,12,22,71961,676
1,2,1,70.98,28,631,0,2,58467,415
3,1,1,59.7,6,1255,0,3,149916,895
2,1,1,57.7,15,228,19,34,56846,328
2,1,1,63,7,1163,1,20,126349,796
2,1,1,50.6,5,264,24,17,97826,495
3,1,1,78.34,18,152,0,3,62548,490
1,1,1,43.18,6,652,5,2,86846,375
1,1,1,47.22,14,697,2,5,78357,370
1,1,1,46.95,30,105,3,1,69223,325
2,1,1,92.36,33,382,0,11,44392,410
2,1,1,86.62,6,,3,9,32902,285
3,1,1,73,20,592,4,2,139726,1020
2,1,1,55.59,6,922,5,3,78251,435
2,1,1,68.16,18,447,3,1,58539,399
3,1,1,96.43,6,,4,5,46977,453
3,2,2,131.96,6,1063,1,4,35238,465
3,1,1,81.6,18,741,12,7,55147,450
3,1,1,88.01,6,578,0,1,105215,926
1,1,1,44.61,20,530,13,8,89218,398
3,2,2,134.78,6,761,15,4,33017,445
2,1,1,66.4,6,,8,4,67018,445
2,1,1,91.45,16,276,4,1,56862,520
2,1,1,61.1,6,552,9,4,79378,485
3,1,1,110.16,18,378,9,1,85330,940
3,2,2,87.48,9,1181,3,2,121742,1065
2,2,1,103.3,28,997,25,6,61955,640
2,1,1,97.82,25,819,5,6,49888,488
1,1,1,45.47,27,570,18,7,74335,338
2,2,1,100.39,18,353,2,1,58771,590
2,1,1,62.9,14,1291,12,7,143084,900
3,1,1,67.4,16,1240,19,8,78190,527
3,2,2,90.08,10,913,12,5,63277,570
3,1,1,110.48,19,470,16,5,83997,928
3,2,2,145.93,10,,5,5,38717,565
3,1,1,86.49,20,961,1,5,80934,700
3,2,2,115.52,22,,17,1,57566,665
1,1,1,69.53,21,327,2,2,75651,526
3,2,2,143.06,23,619,10,6,58018,830
3,2,2,121.87,6,1296,5,8,37745,460
3,1,1,57.9,6,914,17,7,127979,741
1,1,1,46.65,6,833,44,7,55734,260
1,1,1,78.24,11,745,2,3,117587,920
2,1,1,83.91,21,,4,1,84019,705
2,1,1,73.21,15,376,12,6,98347,720
2,1,1,100.22,6,967,12,1,42207,423
2,1,1,96.94,28,476,1,6,123788,1200
2,2,1,88.93,11,913,7,1,55999,498
2,1,1,90.24,12,723,8,3,60949,550
2,1,1,67.15,22,900,5,3,64780,435
2,2,1,91.53,12,415,11,5,89588,820
2,1,1,54.23,6,902,53,5,89434,485
3,2,2,160.26,18,688,3,9,63335,1015
3,2,2,125.33,20,555,4,2,65427,820
1,1,1,41.22,17,485,5,13,89762,370
3,1,1,73.3,6,375,2,5,133970,982
2,1,1,97.38,6,,4,5,45081,439
1,1,1,45.28,18,203,10,7,73984,335
2,1,1,53.3,6,590,3,3,112195,598
2,1,1,57.6,6,973,6,3,84201,485
3,1,1,68.34,6,1131,8,5,91454,625
2,2,1,107.34,9,,23,3,65213,700
3,1,1,81.4,6,947,7,6,125307,1020
1,1,1,62.94,20,203,6,4,68796,433
1,1,1,48.1,6,271,8,3,108108,520
2,1,1,62.8,7,1068,6,5,82803,520
2,1,1,49.8,23,844,7,2,88353,440
2,1,1,81.5,6,675,0,1,84908,692
2,1,1,80.8,6,479,7,2,111386,900
2,1,1,50.4,5,633,12,5,82341,415
2,1,1,95.62,16,276,3,2,54277,519
2,2,1,86.6,16,634,15,2,91224,790
3,2,2,154.27,12,1272,3,6,41162,635
2,2,1,96.31,29,684,4,4,71124,685
2,1,1,71.8,16,1178,13,5,76602,550
3,1,1,87.1,16,441,10,2,122273,1065
3,2,2,151.72,26,765,8,1,77050,1169
4,2,3,238.15,28,972,3,2,100777,2400
1,1,1,40.42,21,,8,6,96487,390
2,1,1,99.68,21,600,4,5,82263,820
3,1,1,102.6,22,418,2,1,67251,690
1,1,1,54.42,19,694,3,12,85447,465
2,1,1,98.54,15,461,0,3,77126,760
2,1,1,88.23,24,867,4,1,63470,560
2,1,1,66.75,20,511,8,6,80749,539
1,1,1,65.82,26,861,0,4,60012,395
2,1,2,110.42,6,,1,1,43018,475
3,1,1,98.61,6,599,1,3,99179,978
3,2,2,120.09,6,658,4,4,41552,499
3,1,1,89.44,16,596,2,4,50313,450
2,1,1,53.86,7,469,7,2,82993,447
2,1,1,68.2,16,741,15,5,51320,350
3,1,1,72.48,6,712,15,3,64156,465
3,1,1,114.79,7,828,1,1,42251,485
3,2,2,196.7,22,1057,2,3,61007,1200
1,1,1,48.37,6,,6,1,48584,235
3,1,1,91.1,18,1010,9,5,140505,1280
1,1,1,44.68,16,418,15,8,89973,402
2,1,1,57.09,6,714,7,7,65160,372
2,1,1,109.37,24,938,2,1,70403,770
3,2,2,202.02,16,338,3,3,93555,1890
5,2,3,229.32,6,296,2,5,100297,2300
2,1,1,67.62,6,958,10,13,62851,425
2,1,1,53.4,5,1382,13,10,85955,459
3,1,1,77.47,24,1042,6,10,63896,495
3,1,1,71.7,18,1010,11,13,132497,950
3,1,1,95.83,14,819,12,6,50089,480
4,1,1,121.4,17,345,2,10,122735,1490
2,1,1,62.65,19,426,16,13,60654,380
3,1,1,69.3,6,345,9,9,125541,870
2,1,1,54.2,6,719,2,14,138376,750
2,1,1,55.88,4,577,6,15,124911,698
3,1,1,92.75,27,304,11,14,65768,610
2,1,1,50.85,5,597,6,7,68437,348
1,1,1,53.01,14,387,1,4,120732,640
2,1,1,88.78,22,,7,2,69836,620
1,1,1,52.48,6,213,4,3,47447,249
3,1,1,71.99,12,626,12,4,93763,675
1,1,1,56.65,21,346,2,6,73257,415
2,2,2,128.45,25,365,0,4,74737,960
4,2,3,234.59,12,687,6,3,82996,1947
1,1,1,71.36,25,630,0,7,55914,399
3,2,2,135.97,23,630,1,1,58837,800
1,1,1,64.97,28,986,2,7,56949,370
1,1,1,68.48,32,417,8,4,68049,466
2,1,1,66.09,16,483,3,2,83976,555
2,1,2,99.84,25,675,8,7,49880,498
3,2,1,102.31,20,,3,1,42029,430
2,2,1,102.17,20,490,3,8,66066,675
1,1,1,42.43,6,1108,6,8,70705,300
3,1,1,94.99,11,461,3,2,48216,458
3,1,1,69.32,6,1100,16,6,93191,646
1,1,1,64.4,18,1027,4,2,89286,575
2,1,1,62.65,19,426,12,4,62251,390
3,1,1,74.58,6,707,11,5,65701,490
1,1,1,66.14,6,1004,2,0,51406,340
3,2,2,134.73,17,1058,2,0,61605,830
1,1,1,64.76,15,797,2,0,86473,560
1,1,1,46.05,14,607,23,0,53203,245
3,2,2,114.36,6,1186,0,0,42847,490
3,1,1,80.1,25,1117,12,0,52185,418
2,2,2,121.44,27,1196,4,2,62582,760
1,1,1,59.48,31,,2,6,55481,330
3,1,1,77.5,18,1149,17,2,53935,418
2,1,1,104.97,18,570,15,5,61922,650
3,1,1,79.4,4,1116,7,4,79975,635
2,2,2,99.85,25,675,4,0,50976,509
2,1,1,84.34,8,943,1,0,66398,560
2,2,2,105.59,24,804,5,0,60612,640
3,1,1,72.4,6,362,1,0,105663,765
2,1,1,87.34,16,762,0,0,55874,488
2,1,1,54.7,6,426,4,0,67642,370
3,2,2,120.76,21,760,2,1,72872,880
2,2,1,88.32,19,797,0,0,64312,568
1,1,1,43.17,6,446,0,0,116979,505
3,2,1,108.8,7,632,3,0,101103,1100
1,1,1,45.62,15,1099,28,0,80009,365
3,2,2,208.24,7,750,10,0,75874,1580
3,1,1,63.09,5,472,17,10,84007,530
3,1,2,134.03,12,254,23,0,54465,730
2,1,1,60.21,6,528,10,22,54476,328
3,1,1,68.32,14,473,9,26,68794,470
2,1,1,101.93,16,1197,1,13,90258,920
1,1,1,40.87,6,953,3,12,144360,590
4,1,3,245.19,7,711,2,2,22799,559
3,2,2,107.07,22,,1,1,48099,515
3,2,2,112.81,7,612,5,5,111692,1260
3,2,2,151.55,21,1100,0,2,49489,750
3,1,1,73.2,6,449,32,29,106557,780
3,2,2,127.99,25,230,1,24,85944,1100
2,1,1,66.38,6,1245,11,19,46701,310
2,1,1,49.01,6,615,6,28,62130,304
2,2,1,124.57,22,583,3,21,50574,630
3,1,1,85.03,14,705,6,20,88204,750
2,1,1,57,5,690,6,17,91228,520
3,1,1,82.6,17,620,4,26,133051,1099
3,1,1,79.16,25,368,2,19,75543,598
2,1,1,50.5,6,545,6,27,106931,540
1,1,1,38.92,5,722,34,24,58582,228
2,2,1,100.13,30,631,2,17,48437,485
2,1,1,67.46,29,218,13,17,53365,360
2,1,1,88.91,29,735,1,13,50501,449
2,1,1,59.9,7,1053,15,22,52588,315
3,1,1,71.7,6,1390,9,24,135286,970
1,1,1,52.24,28,855,21,20,48622,254
2,1,1,67.78,6,312,11,18,60490,410
3,2,2,144.6,12,677,5,20,40802,590
3,1,1,89.93,15,1084,7,20,40031,360
2,1,1,56.46,6,420,15,18,57563,325
1,1,1,45.1,6,484,8,17,115299,520
3,2,2,199.67,33,327,10,20,27045,540
2,2,1,93.92,9,990,2,16,48445,455
2,1,1,67.1,15,517,8,18,81967,550
2,2,1,83.1,18,333,10,18,74368,618
2,1,1,69.74,22,289,2,28,45168,315
2,1,1,71.67,6,,16,19,29999,215
2,1,1,63.95,16,633,14,18,61767,395
2,1,1,85.11,13,500,7,17,72612,618
2,1,1,64.5,6,392,30,13,69767,450
2,2,1,87.15,21,328,13,23,34423,300
1,1,1,46.72,16,318,35,33,57791,270
2,1,1,64.72,6,497,6,18,88072,570
2,1,1,52.45,6,497,13,20,89990,472
2,1,1,55.2,6,816,19,22,132246,730
2,1,1,97.15,16,269,0,1,40968,398
2,1,1,64.4,6,973,1,1,92391,595
1,1,1,47.96,15,871,3,4,72977,350
2,1,1,54.2,6,406,0,8,149815,812
3,1,1,52.99,6,540,5,3,66050,350
2,1,1,90.18,15,868,3,12,33821,305
2,1,1,89.88,11,1181,0,12,72319,650
2,1,1,50.2,4,1320,2,9,121514,610
3,1,1,57,5,784,3,16,92281,526
2,1,1,54.4,6,633,4,12,84191,458
3,1,1,68.52,6,453,9,8,62901,431
2,2,1,85.28,30,1047,0,1,77392,660
2,1,1,66.4,26,541,0,2,67018,445
2,1,1,69.4,24,698,7,2,50432,350
2,1,1,71.55,6,1263,0,2,90846,650
3,2,2,116.07,6,1229,1,1,37908,440
3,1,1,81.06,22,868,3,5,85122,690
2,1,1,74.01,24,551,5,1,58776,435
1,1,1,70.15,7,287,2,2,55025,386
3,1,1,96.58,20,,2,3,46593,450
1,1,1,28.28,7,492,1,3,107850,305
2,1,1,60.9,6,652,1,4,73892,450
2,1,1,88.53,11,295,1,4,66644,590
2,1,1,66.49,6,1053,1,4,50835,338
3,2,2,116.93,10,637,1,6,38485,450
2,1,1,85.24,27,162,2,4,37541,320
2,1,1,86.01,23,1249,4,3,69411,597
3,1,1,60.07,6,505,1,5,74080,445
2,1,1,87.49,14,,1,1,49949,437
4,1,2,91.4,6,477,1,4,105033,960
2,1,1,84.57,7,,6,9,35237,298
3,2,2,155.5,18,471,1,3,80386,1250
2,1,1,97.17,7,763,0,2,99825,970
1,1,1,43.74,20,986,9,7,52583,230
2,1,1,72.11,23,691,4,8,47150,340
2,1,1,73.42,6,992,1,2,57205,420
2,1,1,67.21,21,,4,2,42404,285
2,1,1,87.42,21,448,5,2,46900,410
2,1,1,45.24,10,25,6,8,119363,540
1,1,1,39.9,6,429,0,8,105263,420
2,1,1,63.48,6,,4,5,49622,315
2,1,1,87.79,6,,1,3,38615,339
2,1,1,88.5,29,739,0,1,54237,480
2,1,1,80.55,26,,0,3,55866,450
2,1,1,65.42,21,417,3,4,81015,530
2,1,1,87.51,24,406,0,5,59422,520
3,2,2,119.5,6,,0,1,45607,545
2,1,1,84.12,6,,0,3,48740,410
2,1,1,97.37,20,1036,0,2,103728,1010
2,1,1,75.66,21,829,0,24,73751,558
2,1,1,65.8,16,517,4,19,85866,565
1,0,1,46.12,25,306,4,22,55941,258
2,1,1,67.62,6,958,15,26,61520,416
2,1,1,55,6,1028,3,18,121091,666
2,2,1,80.29,6,,18,32,26155,210
2,1,2,96.48,6,1103,22,24,29022,280
2,1,2,115.85,21,,0,0,82866,960
2,1,1,52.4,6,,3,0,46374,243
3,1,1,68,18,1382,2,0,85000,578
2,1,1,57.42,6,838,14,7,54859,315
2,1,1,61.1,20,733,2,10,60556,370
2,1,1,52.59,6,1180,8,14,61799,325
1,1,1,36.52,6,308,14,23,109529,400
2,1,1,57.1,6,290,3,29,129597,740
2,1,1,85.67,17,,1,18,71203,610
1,1,1,122.45,28,751,2,17,70233,860
3,2,2,193.24,28,314,2,28,70172,1356
3,1,1,85.41,18,449,27,21,98349,840
3,1,1,75.7,25,903,6,26,71995,545
2,1,2,88.78,9,868,0,19,34918,310
2,1,1,63.15,21,846,3,2,58591,370
2,1,1,60.02,18,818,3,1,86638,520
2,1,1,76.31,25,386,3,8,58315,445
1,1,1,86.76,22,773,3,4,51867,450
2,1,1,56.63,5,250,4,1,61805,350
2,1,1,74.1,6,1364,2,5,128880,955
2,1,1,54.6,6,671,2,4,93407,510
2,1,1,79.41,6,369,2,7,45208,359
2,1,1,92.08,28,608,0,5,82320,758
3,2,2,161.2,16,835,0,9,105459,1700
1,1,1,50.89,6,,4,1,39300,200
1,1,1,44.03,12,445,1,1,149898,660
2,1,1,67.95,6,1427,1,1,67697,460
3,1,1,77.81,6,248,0,0,70685,550
2,1,1,69.99,18,966,1,0,55436,388
2,1,1,75.2,14,799,0,0,95745,720
3,2,2,129.82,7,,1,0,37359,485
3,1,1,80.16,6,,0,4,40544,325
3,1,2,114.72,31,542,0,2,62762,720
1,1,1,43.08,24,,0,4,90529,390
3,1,1,82.86,16,857,2,2,98962,820
2,1,1,90.81,25,487,0,2,104944,953
2,1,1,87.15,29,304,2,2,66552,580
3,1,1,69.19,6,1116,0,3,75155,520
3,2,1,119.19,6,865,2,2,38594,460
3,1,1,117.1,6,704,1,8,90521,1060
2,1,1,67.36,25,146,1,1,99466,670
2,1,1,106.14,7,,0,2,41455,440
3,1,1,70.41,6,1290,0,1,109359,770
2,1,1,60.49,16,457,3,4,88444,535
2,1,1,79.73,21,,4,2,34993,279
2,1,1,105.31,25,230,0,7,75017,790
1,1,1,43.33,6,414,3,1,71544,310
2,1,1,53.84,6,317,0,1,66865,360
3,1,1,109.64,16,348,1,1,61109,670
1,1,1,42.3,12,521,4,1,55556,235
4,2,2,151,8,,0,4,63576,960
2,1,1,54.2,5,829,2,2,82657,448
2,1,1,86.02,21,830,4,2,49988,430
2,1,1,71.77,26,528,0,3,86387,620
3,1,1,106.9,12,497,1,8,102900,1100
1,1,1,28.37,22,530,4,2,140289,398
2,1,1,89.49,26,541,1,1,82691,740
2,1,1,56.78,6,1051,3,4,77492,440
2,1,1,60.16,6,612,2,3,106383,640
2,1,1,61.52,6,609,0,1,109720,675
1,1,1,45.2,14,661,1,8,94690,428
1,1,1,66.55,25,816,0,5,54095,360
1,1,1,50.78,22,879,3,1,69909,355
3,1,1,76.1,17,228,6,1,61761,470
3,1,1,88.77,6,,2,6,41681,370
2,1,1,67.54,25,903,0,1,79953,540
1,1,1,47.36,16,1138,12,11,57010,270
2,1,1,91.71,7,,8,10,41980,385
2,1,1,74.97,15,1060,6,11,46018,345
3,1,1,78.91,20,739,2,14,86934,686
2,1,1,54.47,6,404,6,14,72517,395
2,1,1,86.38,29,510,6,15,47465,410
3,1,1,108.24,24,1102,3,12,69290,750
3,2,2,126.32,22,348,0,11,61748,780
2,1,1,64,14,591,12,15,109375,700
2,1,1,57.34,6,502,1,12,78479,450
2,1,1,60.8,16,1291,3,12,131414,799
2,1,1,59.64,6,489,0,10,75453,450
2,1,1,58.79,6,334,0,14,50689,298
2,1,1,64.92,20,966,4,12,55453,360
2,1,1,67.33,5,357,6,11,99510,670
2,1,1,50.89,6,1089,6,13,103164,525
2,1,1,86.12,6,1409,2,9,44705,385
2,1,1,58.54,6,396,8,9,53297,312
3,1,2,138,24,600,2,10,68841,950
2,1,1,67.3,4,914,1,10,104903,706
1,1,1,54.18,24,252,4,10,58140,315
1,1,1,40.89,6,109,19,7,66520,272
2,1,1,43.21,5,853,19,9,50451,218
2,2,1,97.78,14,835,1,9,48067,470
1,1,1,43.59,6,1108,1,14,68364,298
1,1,1,35.79,6,1150,18,10,55882,200
2,1,1,67.6,18,474,2,7,81805,553
2,1,1,68.77,6,594,2,16,64708,445
3,1,1,88.11,27,674,3,13,56293,496
2,1,1,107,28,509,2,15,57944,620
3,2,2,153.16,17,1272,1,11,41133,630
3,2,2,146.77,21,,3,6,68066,999
3,1,1,80.8,6,591,11,9,111386,900
2,1,1,59.56,6,992,9,8,53392,318
1,1,1,55.64,18,813,4,12,46729,260
2,1,1,84.59,30,356,2,15,53789,455
2,1,1,50.28,6,781,10,15,55688,280
1,1,1,56.58,9,558,10,8,53022,300
2,1,1,63.88,7,73,9,11,101753,650
2,1,1,42.94,5,411,12,8,85002,365
1,1,1,43.4,17,517,5,14,101382,440
3,1,1,87.33,6,487,7,10,77866,680
3,1,1,64.04,6,122,3,14,60899,390
2,1,1,50.1,6,633,3,17,80838,405
2,1,1,59,16,245,1,8,89831,530
3,1,1,86.7,6,,5,13,148789,1290
3,1,2,118.59,6,1443,21,11,32465,385
2,1,1,54.57,6,857,12,12,87960,480
2,2,2,97.34,7,1370,4,10,42120,410
2,1,1,65.64,18,153,15,9,58653,385
2,1,1,50.3,5,688,4,15,139165,700
2,1,1,50.2,7,1005,7,12,92629,465
1,1,1,42.25,7,528,4,9,73373,310
3,1,1,88.87,5,765,2,9,149657,1330
1,0,1,49.79,15,164,1,10,55232,275
2,2,1,98.86,18,990,2,9,52094,515
3,2,2,142.95,14,434,2,10,34837,498
2,1,1,73.81,19,,8,13,46742,345
2,1,1,58.49,6,616,2,11,71636,419
2,1,1,61.65,5,1090,3,10,85969,530
2,1,1,56.1,6,1390,7,9,149733,840
2,1,1,59.99,14,846,4,12,56509,339
2,2,1,93.99,13,1351,2,8,45750,430
2,1,1,76.08,21,504,10,8,46530,354
2,1,1,51.29,6,510,21,12,56931,292
2,2,2,118.56,13,1047,5,13,39642,470
2,2,1,91.51,7,280,2,9,46989,430
2,2,2,104.53,32,529,0,12,60270,630
1,1,1,50.01,6,528,9,13,69786,349
2,1,1,54.39,6,549,0,12,109947,598
1,1,1,52.03,10,568,11,14,62656,326
3,1,1,83.14,6,,22,17,33077,275
2,1,1,54.4,16,248,14,12,70772,385
4,1,1,109.8,6,1390,8,15,149818,1645
2,1,1,99.79,18,854,0,10,74657,745
2,1,1,67.72,5,73,7,12,88009,596
3,2,1,129.74,12,542,6,10,62895,816
2,1,1,59.05,6,,8,12,49958,295
3,1,1,88.73,5,296,13,10,83399,740
2,1,1,56.4,6,485,6,11,120567,680
2,1,1,54.6,6,743,3,8,82418,450
3,1,1,65.5,6,414,6,16,74809,490
3,1,1,87.13,14,489,11,13,79192,690
1,1,1,34.6,24,579,7,13,73699,255
2,1,1,54.91,6,702,19,10,44618,245
3,2,2,132.87,18,796,0,9,97087,1290
3,1,1,80.4,6,476,5,11,98259,790
2,1,1,61.9,14,343,18,15,58481,362
3,1,1,96.44,26,556,10,10,48217,465
3,1,1,121.91,20,549,3,10,41014,500
1,1,1,64.37,22,1097,7,9,56999,366
1,1,1,44.41,5,73,48,11,90070,400
1,1,1,82.6,28,521,3,11,64165,530
3,1,1,63.2,5,720,3,11,149842,947
2,1,2,97.65,18,219,2,10,94726,925
2,1,1,52.39,6,590,4,8,62035,325
2,1,1,92.23,21,839,5,10,53128,490
2,1,1,97.75,16,1135,2,16,54015,528
3,1,2,138.75,6,,7,13,34234,475
1,1,1,67.93,6,495,7,15,51524,350
2,2,1,101.27,6,677,7,9,46411,470
2,1,1,81.93,23,502,1,15,77993,639
1,1,1,44.3,6,484,19,15,87585,388
1,1,1,67.62,28,511,14,12,48802,330
2,1,1,86.59,26,858,18,14,54048,468
2,1,1,91.11,23,659,6,11,70794,645
3,2,2,137.59,7,,1,12,60688,835
3,2,2,146.51,15,879,3,10,69620,1020
2,1,1,66.94,6,781,59,15,34359,230
3,1,1,61.7,6,752,9,9,111831,690
2,1,1,57.1,9,357,32,11,99825,570
2,1,1,54.01,6,894,13,14,100907,545
3,2,1,57.46,16,434,17,15,83536,480
3,1,2,142.37,12,664,3,17,94823,1350
2,1,1,93.18,17,835,6,8,48294,450
2,1,1,84.47,29,298,7,11,45697,386
1,1,1,64.02,26,108,6,14,67167,430
2,1,1,63.5,6,615,21,14,51969,330
2,1,1,40.4,6,679,30,13,105941,428
2,1,1,81.18,6,,6,9,42991,349
4,1,2,160.62,22,509,6,7,71598,1150
2,2,1,102.27,28,500,11,9,63557,650
2,1,1,68.74,2,467,2,20,145330,999
3,2,2,132.93,5,637,2,23,42880,570
1,1,1,58.01,17,868,3,19,37580,218
2,1,1,80.41,6,,3,38,20520,165
2,1,1,90.08,15,868,1,17,34636,312
2,1,1,62.4,6,610,1,0,87340,545
3,1,1,61.52,6,992,4,0,51203,315
1,1,1,66.28,30,1047,0,0,77248,512
1,1,1,55.85,6,158,3,0,68935,385
2,1,1,125.71,11,529,0,0,55684,700
2,1,1,55.64,6,1004,1,0,41697,232
1,1,1,32.86,30,457,2,0,81862,269
2,1,1,70.12,6,1432,0,0,43497,305
2,2,1,101.38,32,680,0,0,48333,490
2,2,1,108.02,10,819,0,0,51842,560
1,1,1,53.73,6,,1,0,45598,245
3,2,2,124.81,29,596,1,0,98309,1227
1,1,1,73.36,11,,0,0,47710,350
3,2,1,113.79,16,911,14,9,83927,955
2,1,1,60.8,6,419,1,4,88487,538
2,2,1,88.18,24,290,3,11,55115,486
3,1,1,79.28,25,368,5,15,79465,630
2,1,1,66.6,7,1390,1,4,133634,890
2,1,1,49.09,6,765,2,1,74353,365
2,1,1,63.3,20,719,3,1,131122,830
2,1,1,50.06,10,714,2,3,71914,360
1,1,1,46.39,32,105,3,2,67903,315
2,1,1,57,6,487,3,11,73684,420
1,1,1,44.41,24,211,4,9,64175,285
3,1,1,83.8,6,462,4,12,106205,890
2,1,1,58.92,6,,2,15,53971,318
2,1,1,74.42,11,162,0,10,127116,946
2,1,1,51.1,5,1164,2,12,85127,435
3,2,1,109,28,509,3,12,60550,660
2,1,1,58.47,6,614,2,7,98341,575
1,1,1,62.07,10,652,11,11,75399,468
2,1,1,56.8,6,1178,12,11,77465,440
2,1,1,55.71,5,910,9,12,43439,242
2,1,1,52,6,763,7,8,146154,760
2,1,1,73.18,20,497,3,15,87182,638
2,1,1,48.63,5,481,22,10,101789,495
2,1,1,57.4,7,430,9,9,87108,500
2,1,1,101.78,28,825,4,10,52957,539
3,1,2,185.93,22,274,7,15,55397,1030
4,1,1,76.01,5,549,5,12,113143,860
2,1,1,81.16,21,839,6,8,50394,409
1,1,1,42.28,6,900,7,10,75686,320
2,1,1,81.1,6,,25,13,20345,165
1,0,0,55.91,22,511,0,0,65999,369
2,1,1,87.49,24,565,2,0,49148,430
1,1,1,44,6,267,7,1,68182,300
2,1,1,63.69,11,663,2,0,73795,470
2,1,1,61.16,5,304,6,1,45782,280
3,1,1,90.79,6,582,2,0,34695,315
2,1,1,65.5,18,703,0,0,65649,430
3,1,1,92.28,7,,2,1,68270,630
3,1,1,86.15,20,719,0,0,127684,1100
1,1,1,50.91,24,1106,1,0,52642,268
3,2,1,98.7,22,,0,0,39007,385
1,1,1,99.64,27,570,0,0,59213,590
3,1,1,71.18,18,714,6,11,71368,508
1,1,1,40.35,6,1293,3,9,121437,490
3,2,2,94.57,6,614,1,10,48641,460
2,2,1,89.99,6,521,1,10,50006,450
2,1,1,58.1,6,625,9,13,70568,410
3,1,1,107.69,19,715,0,13,78466,845
3,1,1,79.21,18,296,5,12,88373,700
2,2,1,96.65,14,583,4,11,62080,600
2,1,1,87.4,24,835,4,15,96110,840
1,1,1,42.92,6,900,10,10,67102,288
2,1,1,60.2,6,441,3,9,124252,748
1,1,1,70.51,6,1218,34,8,33754,238
2,1,1,52.13,6,496,8,13,61001,318
2,1,1,54.26,6,1437,10,16,24512,133
4,2,2,183.51,19,410,5,13,54493,1000
2,1,1,70.63,11,663,12,16,69376,490
2,2,1,81.78,31,,4,14,40964,335
1,1,1,54.41,17,510,4,10,68921,375
1,1,1,50.33,32,946,0,0,63580,320
2,1,1,104.46,30,1196,0,0,67011,700
1,1,1,46.2,9,595,1,0,86580,400
1,1,1,40.21,20,712,1,0,66650,268
2,1,1,58.25,18,818,1,0,87210,508
3,1,1,85.46,6,966,3,0,62719,536
2,1,1,60.2,8,1068,0,0,81395,490
2,1,1,56.24,5,502,1,0,76458,430
2,1,1,55.95,12,840,0,0,104736,586
2,1,1,63.04,4,1189,1,0,78046,492
1,1,1,39.31,12,679,1,0,61053,240
1,1,1,87.33,24,521,0,0,66415,580
3,2,2,142.34,18,1367,0,0,44611,635
3,1,1,104.85,6,,2,0,29566,310
2,2,1,98.75,13,302,0,2,71899,710
1,1,1,57.53,18,470,3,6,83435,480
3,1,2,129.06,6,971,3,1,32543,420
2,1,1,68.72,16,625,2,5,52386,360
2,1,1,86.06,18,447,3,1,50895,438
2,1,1,67.8,6,367,2,4,92920,630
1,1,1,39.77,6,832,4,1,105356,419
1,1,1,46.44,6,602,2,4,79457,369
2,1,1,71.09,6,773,4,5,36573,260
2,1,1,57.15,6,556,1,1,55993,320
1,0,1,57.25,24,487,0,6,80349,460
3,1,1,69.79,4,461,4,7,38687,270
4,2,3,211.84,17,1272,0,2,44845,950
2,0,1,43.02,5,910,7,8,49977,215
1,1,1,48.33,16,861,1,6,105525,510
3,1,1,115.92,6,409,2,1,58661,680
1,1,1,74.59,28,1308,1,5,46655,348
2,2,1,91.22,19,627,3,3,71037,648
1,1,1,47.12,12,975,6,2,57301,270
2,1,1,81.97,6,609,3,2,103696,850
3,2,2,126.99,21,,2,3,57091,725
2,1,1,58.09,18,842,13,2,49406,287
3,2,2,144.69,26,1329,0,2,78098,1130
2,2,2,116.26,13,1406,1,2,43867,510
2,1,1,61.73,6,1340,1,3,51839,320
2,1,1,63.01,18,449,1,7,80146,505
1,1,1,64.08,6,,1,4,39326,252
2,1,1,59.52,6,590,5,3,59644,355
2,1,1,91.03,12,751,1,2,48336,440
1,1,2,52.79,19,684,3,8,87138,460
3,1,1,109.17,18,1018,2,7,52212,570
2,1,1,75.24,6,549,8,7,50505,380
2,1,1,101.79,16,1119,2,4,51086,520
2,1,1,82.2,6,,1,1,37713,310
2,1,1,85.67,6,,3,5,34434,295
1,1,1,61.02,14,931,0,1,77024,470
2,1,1,43.98,4,860,1,4,96635,425
2,1,1,76.72,6,853,2,5,50834,390
2,2,1,105.55,26,1028,0,3,64424,680
2,1,1,55.72,7,594,0,6,76274,425
1,1,1,56.64,7,1327,5,4,60028,340
1,0,1,57.75,24,487,1,3,79654,460
1,1,1,45.99,3,609,3,6,88932,409
3,2,2,143.09,13,434,0,8,34174,489
3,1,1,113.29,18,639,1,4,49254,558
2,1,1,99.26,24,322,1,4,44832,445
2,1,1,66,11,829,2,4,81818,540
2,1,1,77.08,20,966,4,8,50856,392
1,1,1,49.33,12,357,1,6,89195,440
1,1,2,31.76,12,530,4,3,135390,430
1,1,1,55.88,6,742,3,3,51718,289
1,1,1,52.47,6,681,3,2,44787,235
3,1,1,97.5,14,287,1,1,56410,550
1,1,1,49.56,6,,8,4,43987,218
2,2,1,95.71,22,1462,2,1,54331,520
2,1,1,66.88,30,541,6,2,62051,415
3,1,1,79.84,18,587,2,6,53858,430
3,2,2,139.73,11,694,0,2,99979,1397
2,1,1,62.65,12,706,0,3,103751,650
2,1,1,47.72,7,,1,4,88013,420
2,1,1,41.8,14,374,9,8,114833,480
2,1,1,93.66,23,,2,4,51783,485
2,1,1,70.27,7,771,5,6,50946,358
3,1,1,78.67,6,741,3,6,90886,715
1,1,1,44.66,6,587,5,8,61576,275
3,1,1,67.6,16,1314,3,2,93195,630
2,2,2,141.08,24,665,2,1,65920,930
2,1,1,116.76,21,746,0,1,57811,675
1,1,1,47.2,11,570,1,3,92161,435
2,1,1,60.26,5,1227,2,4,53103,320
2,2,1,113.38,24,,0,4,59975,680
2,1,1,88.2,10,,0,2,47166,416
2,1,1,57.3,6,,12,3,40140,230
2,1,1,57.26,6,920,3,4,54139,310
2,1,1,55.9,6,620,2,5,101968,570
1,1,1,63.74,15,330,8,5,70599,450
2,1,1,81.08,14,720,1,3,54144,439
2,1,1,74.07,26,621,0,4,65479,485
2,1,1,101.33,6,932,5,1,39278,398
2,1,1,57.77,6,565,10,6,89666,518
1,1,1,32.15,5,1054,6,8,119907,385
2,1,1,84.37,26,497,1,2,66374,560
2,1,1,91.88,30,1097,1,4,53983,496
1,1,1,58.41,20,1299,0,4,74987,438
1,1,1,66.83,11,556,0,4,62846,420
2,1,1,61.32,16,457,0,1,86432,530
3,2,1,124.23,25,508,0,8,103035,1280
3,2,2,138.72,16,306,7,1,64591,896
3,1,1,86.99,6,454,2,1,40235,350
2,1,1,53.55,5,872,17,4,39216,210
3,2,2,127.22,6,1370,1,6,37651,479
2,1,1,76.7,6,1390,6,6,148892,1142
3,2,2,128.04,6,902,1,1,32724,419
2,1,1,54.21,6,626,5,6,66408,360
2,1,1,95.79,6,1466,6,6,41758,400
3,1,1,78.5,26,541,5,7,68790,540
2,1,1,57.87,6,825,7,1,78970,457
1,1,1,74.91,19,1409,4,4,39648,297
2,1,1,87.53,27,356,2,3,55410,485
1,1,1,58.54,11,720,2,1,59788,350
3,2,2,164.3,22,392,0,1,60743,998
1,1,1,50.01,6,689,3,4,79984,400
1,1,1,56.98,19,694,2,5,84240,480
3,1,1,91.5,6,,3,3,84153,770
2,1,1,76.48,18,867,1,1,69953,535
2,1,1,78.72,26,1102,1,5,75965,598
2,2,2,130.58,4,,1,2,52075,680
2,2,1,91.56,6,,1,3,54609,500
2,1,1,45,5,1100,11,4,94444,425
2,1,1,70.62,16,666,6,0,58765,415
2,1,1,90.13,24,181,9,4,52147,470
2,1,1,47.4,6,815,5,2,75949,360
3,1,1,118.06,14,393,7,7,54972,649
1,1,1,47.22,11,929,0,2,63109,298
2,1,1,66.8,18,118,7,1,97305,650
2,1,1,63.11,6,,3,5,52607,332
2,2,1,89.05,15,854,2,5,78383,698
2,1,1,54.78,16,808,10,7,79956,438
2,1,1,51.26,5,514,4,2,64378,330
2,2,1,115.7,6,,3,2,44771,518
2,1,1,61.48,18,222,7,3,58393,359
1,1,1,55.72,18,966,15,5,44867,250
2,1,1,90.88,27,1118,1,5,56668,515
3,1,1,73.8,6,616,4,2,69512,513
2,1,1,43.69,5,339,8,6,68208,298
2,1,1,78.62,21,830,4,0,49606,390
3,2,2,114.1,11,,0,1,73181,835
2,2,2,103.24,9,892,4,3,60539,625
2,1,1,61.38,6,1300,7,4,42196,259
3,2,2,134.1,5,,1,3,49217,660
3,2,2,149.54,7,645,3,2,47813,715
2,1,1,69.89,16,839,1,1,108456,758
2,1,2,105.9,26,500,2,1,61379,650
2,1,1,89.85,11,,2,4,46745,420
2,2,1,95.17,9,,4,4,66723,635
2,1,1,66.45,22,846,6,3,60647,403
2,1,1,72.19,6,565,5,2,56518,408
3,1,1,80.1,14,1340,8,7,86142,690
2,1,1,59.2,6,650,3,4,53716,318
3,1,1,80,5,177,3,6,117250,938
3,2,2,156.47,28,348,1,4,69023,1080
3,2,2,157.14,21,939,1,2,58547,920
2,2,1,102.1,15,611,0,4,117336,1198
2,1,1,65,16,992,6,1,43846,285
1,1,1,52.79,6,248,3,4,66111,349
3,2,2,145.19,11,224,1,2,68875,1000
2,1,1,69.52,16,434,6,8,81991,570
3,2,2,111.75,29,1329,1,0,84116,940
2,1,1,81.37,22,,8,2,65872,536
3,2,2,190.02,31,816,2,1,52573,999
3,1,1,56.9,5,805,10,6,96661,550
1,1,1,42.65,6,833,2,2,60961,260
2,1,1,58,6,1495,8,6,73276,425
3,2,2,136.36,20,875,2,1,41801,570
2,1,1,90.63,18,506,4,3,45239,410
3,1,1,91.33,21,276,4,4,55841,510
1,1,1,56.12,26,108,2,3,63257,355
3,2,2,188.2,25,526,2,4,68438,1288
3,2,2,177.87,15,835,2,7,83769,1490
3,2,2,146.83,19,382,4,4,32214,473
2,1,1,57.05,7,400,1,2,78878,450
2,2,2,90.5,18,,6,3,81768,740
2,1,1,45.13,5,845,3,5,107467,485
4,1,2,151.17,9,,1,1,29966,453
2,1,1,92.04,13,280,0,3,67362,620
1,1,1,56.25,28,,8,1,48711,274
3,2,2,131.43,18,835,1,1,51739,680
2,1,1,90.61,20,801,0,1,65666,595
2,1,1,63.84,13,589,1,3,108866,695
2,1,1,58.6,6,409,13,5,55461,325
2,1,1,52.34,6,1150,17,4,50630,265
3,2,1,115.93,6,902,0,1,40973,475
4,2,2,173.6,6,222,2,1,119124,2068
3,2,2,137.46,11,,0,5,50924,700
1,1,1,59.68,6,,1,2,38204,228
2,1,2,99.35,26,,0,5,47811,475
1,1,1,57.83,20,280,6,3,75220,435
1,1,1,43.9,12,563,10,4,74032,325
2,1,2,68.88,28,366,8,5,46167,318
2,1,1,63.02,6,572,40,2,52364,330
2,1,1,79.91,25,819,6,9,56063,448
2,1,1,84.55,31,292,4,8,41987,355
3,1,1,113.43,22,1243,1,2,47166,535
2,1,1,60.4,6,429,5,2,91060,550
2,1,1,67.18,27,676,3,2,62519,420
2,1,1,66.29,6,454,7,1,41484,275
2,2,2,88.2,6,,4,7,52721,465
2,1,1,73.32,6,582,3,1,42962,315
2,1,1,107.47,24,729,4,4,53969,580
2,1,1,74.6,25,502,6,2,69705,520
2,1,1,75.86,19,164,10,4,46138,350
2,2,1,133.85,18,879,0,2,62010,830
2,1,1,89.69,21,640,0,5,94771,850
2,1,1,50.76,12,633,11,7,68952,350
1,1,1,45.06,6,710,7,2,84332,380
2,1,1,85.02,22,813,3,1,51164,435
2,2,1,86.74,6,,5,5,39198,340
3,1,1,89.13,25,,3,1,51386,458
2,1,1,78.29,6,581,1,2,51731,405
2,1,1,64.4,4,609,7,1,80745,520
2,1,1,87.21,13,1046,1,3,65359,570
3,1,1,75.32,6,697,7,1,55497,418
2,1,1,88.82,17,506,2,7,46161,410
2,2,1,105.45,25,1102,0,1,50071,528
2,1,1,91.3,18,576,0,8,50383,460
2,1,1,60.91,14,65,2,5,48104,293
1,1,1,55.56,21,,1,1,55436,308
2,2,1,92.06,24,,3,1,46600,429
3,2,2,137.84,8,,1,4,61666,850
1,1,1,56.41,20,930,8,2,44673,252
1,1,1,57.83,21,590,3,3,46689,270
2,1,1,91.91,24,,5,5,50593,465
1,1,1,41.9,6,633,2,1,115752,485
2,2,1,89.89,12,672,1,1,51730,465
2,1,1,58.77,6,597,45,4,60065,353
2,1,1,79.72,6,1465,4,2,76267,608
2,1,1,69.05,6,1311,8,4,46778,323
1,1,1,42.32,6,716,10,4,60255,255
2,1,1,54.91,6,554,3,1,54999,302
3,2,2,182.06,21,796,1,1,59870,1090
2,1,1,72.99,4,441,4,2,84258,615
1,1,1,67,17,934,13,1,56716,380
2,1,1,67,8,538,0,5,149254,1000
2,1,1,110.63,24,687,2,3,63093,698
3,2,2,116.55,12,1247,5,2,44616,520
2,1,1,62.1,16,577,3,5,136876,850
3,1,1,56.4,5,330,3,2,109929,620
2,1,1,99.53,9,,3,2,41194,410
2,1,1,96.14,18,976,7,8,70730,680
3,2,2,149.87,14,523,1,1,96684,1449
3,1,1,79,9,367,6,6,89873,710
2,1,1,67.67,22,164,16,7,48766,330
2,1,1,59.89,29,,0,2,57606,345
2,1,1,37.8,4,633,3,6,119048,450
2,1,1,88.54,23,1329,2,5,77366,685
2,1,1,81.24,27,1300,1,4,65239,530
2,1,1,59.86,22,,13,7,70164,420
2,1,1,92.99,16,452,0,1,45919,427
1,0,1,48.36,21,,5,6,59967,290
3,1,1,67.71,5,772,3,3,70891,480
2,1,1,66,18,1138,12,2,53788,355
2,2,1,106.24,26,972,0,6,103539,1100
2,1,1,83.13,22,263,0,3,64958,540
4,2,2,141.98,24,425,2,1,92971,1320
3,1,1,95.17,9,,1,1,65147,620
2,1,1,53.05,12,269,8,5,56927,302
2,1,1,75.36,6,366,2,2,64756,488
2,1,1,63.65,7,,9,3,43991,280
1,1,1,50.14,6,627,8,1,55445,278
1,1,1,47.46,6,500,7,3,79983,379
2,1,1,106.1,19,1409,7,5,36381,386
2,2,2,95.94,27,1300,2,2,58891,565
2,1,1,106.92,15,1082,4,6,65470,700
2,1,1,57.84,6,727,9,4,93361,540
2,1,1,93.97,12,,0,6,43844,412
1,1,1,44.4,6,477,4,6,86261,383
3,1,1,73.31,7,679,4,4,70250,515
1,1,1,49.31,24,579,1,2,71385,352
2,1,1,68.56,6,173,18,1,53821,369
2,1,1,73.32,17,930,4,9,84561,620
4,2,3,169.03,22,826,4,5,61528,1040
2,1,1,81.25,13,522,10,6,55385,450
1,1,1,75.49,25,627,0,1,55637,420
2,1,1,75.79,6,652,5,1,69270,525
2,2,1,82.31,6,813,1,2,51634,425
2,1,1,71.99,6,1015,4,2,44173,318
2,2,1,78.39,10,1374,1,1,77816,610
3,2,2,117.62,7,677,2,1,45826,539
2,1,1,79.85,6,581,1,2,50470,403
1,1,1,46,12,707,0,7,143478,660
1,1,1,66.15,12,259,5,4,105820,700
2,1,1,56.95,5,595,20,1,50922,290
2,1,1,66.9,6,657,3,3,97160,650
2,1,1,57.79,12,146,1,1,112476,650
1,1,1,76.76,19,323,2,4,97707,750
2,1,1,98.27,23,721,0,4,49354,485
2,1,1,65.1,6,1050,5,5,78341,510
2,1,1,71.75,6,235,11,3,40418,290
2,2,1,86.47,6,212,3,4,48572,420
2,1,1,55.12,6,428,2,2,110668,610
3,1,1,83.07,6,,13,4,47550,395
1,1,1,29.76,8,492,3,3,109207,325
2,1,1,58.47,16,729,3,5,45664,267
2,1,1,54.35,6,326,17,6,65317,355
2,1,1,53.8,6,430,14,6,86431,465
3,1,1,62.6,6,853,8,1,49521,310
2,1,1,75.21,6,1232,8,2,40553,305
1,1,1,48.71,6,689,7,1,72880,355
2,1,1,57.24,5,1145,8,3,64291,368
2,1,1,57.4,6,343,9,4,56620,325
1,0,0,45.77,26,457,2,4,67730,310
2,1,1,64.95,12,502,4,9,84681,550
3,2,2,141.84,18,434,1,3,37930,538
3,1,1,74.29,6,242,2,1,68650,510
3,1,1,115.85,15,585,4,1,44799,519
2,2,1,95,25,541,2,4,62105,590
2,1,1,64.4,6,1371,1,4,128106,825
3,1,2,94.78,11,295,20,5,73855,700
2,1,1,91.76,30,865,6,5,63208,580
3,1,1,99.01,24,252,0,1,58580,580
2,1,1,97.17,18,590,6,1,61645,599
2,1,1,101.52,6,,2,1,46887,476
2,1,1,96.51,7,,1,3,44555,430
2,2,2,113.03,17,1047,1,3,39812,450
3,1,1,67.6,6,661,8,2,96154,650
2,1,1,66.04,6,672,5,6,58904,389
2,1,1,83.76,24,1067,5,2,55874,468
2,1,1,73.3,12,947,3,1,117326,860
2,1,1,64.71,6,247,60,6,71859,465
2,1,1,74.89,26,579,7,5,66097,495
3,2,2,117.34,16,601,7,6,70735,830
2,1,1,92.99,33,1409,2,7,40650,378
4,2,2,187.11,11,410,13,6,51307,960
2,1,1,106.67,17,1409,8,3,37030,395
3,1,1,128.3,7,1108,3,2,60795,780
3,1,1,77,6,679,5,3,88312,680
2,2,1,97.07,9,592,12,6,55115,535
2,2,1,94.36,27,1194,1,1,58287,550
2,1,1,55.7,5,1148,13,1,117594,655
2,1,1,93.13,31,542,0,1,66037,615
3,2,2,126.69,28,592,5,2,56832,720
3,2,2,156.53,17,688,2,8,60691,950
1,1,1,68.09,35,,2,2,57865,394
2,1,1,71.79,5,454,6,6,41092,295
3,1,1,75.99,6,383,7,3,89485,680
2,1,1,58.67,6,830,26,5,54372,319
1,1,1,44.26,7,,32,7,47447,210
4,2,3,287.85,23,557,2,3,95536,2750
2,2,2,102.1,27,417,4,1,56611,578
3,2,2,121.31,22,239,3,0,52675,639
3,2,2,133.83,11,1076,4,1,49242,659
3,1,1,70.94,6,385,1,5,60615,430
2,1,1,74.97,22,736,5,4,62025,465
2,1,1,63.23,6,727,7,3,48237,305
3,1,1,54.39,6,867,9,8,68027,370
3,1,1,100,25,541,18,1,56500,565
2,2,2,109.56,15,743,4,2,98576,1080
2,1,1,91.49,11,374,0,2,56837,520
1,1,1,59.6,6,692,4,1,135906,810
3,2,2,116.64,21,1086,0,1,55298,645
1,1,1,63.76,11,,77,5,24310,155
1,1,1,40.9,6,952,11,2,69682,285
2,1,1,73.77,19,694,8,7,82012,605
4,2,3,184.7,18,471,2,4,63887,1180
3,1,2,153.56,30,865,3,6,49492,760
3,2,2,156.85,15,485,3,3,73956,1160
3,2,2,145.87,23,,1,3,58957,860
2,1,1,72.61,20,602,12,1,64454,468
1,1,1,43.91,5,501,27,7,48281,212
1,1,1,67.37,20,1074,0,2,69616,469
3,2,2,132.5,7,,3,6,34340,455
1,1,1,63.86,15,476,5,2,47917,306
2,1,1,81.87,23,335,5,3,56187,460
3,2,2,148.09,7,,5,7,26268,389
2,2,2,112.38,20,1119,1,4,53390,600
2,2,2,112.6,6,1063,2,1,36234,408
3,1,1,88.7,17,301,12,7,119504,1060
1,1,1,40.94,6,385,6,1,72057,295
4,2,2,239.29,28,430,2,1,83581,2000
2,1,1,53.25,6,337,1,1,79812,425
2,1,1,56.6,6,1075,12,3,78622,445
3,2,1,101.78,24,,6,2,48929,498
2,1,1,78.49,19,300,6,2,45229,355
3,2,2,195.65,24,1071,2,1,70534,1380
2,1,1,66.27,6,,7,8,44213,293
2,1,1,64.61,5,341,2,2,92401,597
2,1,1,53.35,6,326,3,4,61856,330
1,1,1,36.9,6,679,9,1,97561,360
1,1,1,67.21,16,375,1,5,118286,795
4,3,3,238.68,7,,5,2,52790,1260
2,1,1,88.26,11,392,5,2,73646,650
3,1,1,76.9,6,461,6,8,59818,460
2,2,1,91.38,15,363,4,3,109214,998
2,2,1,114.07,21,,2,0,57859,660
1,1,1,44.47,6,250,2,3,88824,395
3,1,1,72.6,20,409,12,2,67493,490
2,1,1,94.48,14,,3,3,47629,450
2,2,1,95.47,10,,1,2,45564,435
2,1,1,59.79,6,1311,7,3,50176,300
2,2,2,118.32,10,910,2,4,101420,1200
3,1,1,56.4,6,464,8,2,70922,400
2,1,1,80.27,6,754,4,2,46094,370
2,1,1,43.6,5,290,3,2,144495,630
2,1,1,81.14,20,511,3,2,56569,459
2,1,1,64.19,6,934,2,2,88487,568
3,2,2,145.54,20,1000,0,2,45211,658
3,2,2,137.64,24,1431,3,2,76286,1050
3,1,1,71.9,6,885,10,2,66620,479
1,1,1,31.07,6,846,54,4,65980,205
3,1,1,57.59,6,417,19,3,74666,430
1,1,1,48.4,19,610,5,2,128099,620
2,1,1,61.19,6,391,8,5,62102,380
2,1,1,56.69,6,760,18,1,85729,486
1,1,1,39.05,18,530,4,2,139565,545
2,1,1,94.96,15,625,12,2,63184,600
2,1,1,52.52,6,721,8,3,67593,355
3,2,2,164.17,26,410,4,6,48730,800
1,1,1,31.35,18,530,10,4,133971,420
1,1,1,73.72,27,986,1,5,57922,427
1,1,1,63.44,26,774,30,6,48077,305
2,1,1,102.97,26,494,0,3,61668,635
2,1,1,64.51,6,733,13,5,45884,296
2,1,1,71.99,6,1015,8,3,44451,320
2,1,1,97.66,22,892,2,4,52427,512
2,1,1,88.48,24,1247,1,4,51989,460
2,1,1,84.56,6,997,10,1,47067,398
3,1,1,96.83,9,684,9,2,84994,823
3,2,2,133.18,28,340,2,5,94609,1260
3,1,1,66.05,6,727,17,6,46934,310
2,1,1,90.75,26,500,1,1,80441,730
2,1,1,70.03,18,448,14,3,62830,440
2,1,1,89.95,6,,8,2,47248,425
2,1,1,58.09,18,842,8,5,51472,299
2,1,1,62.41,7,965,5,1,80115,500
2,1,1,90.77,20,1397,1,3,56737,515
2,1,1,96.48,21,1481,3,6,54519,526
2,1,1,50.81,6,824,1,5,98406,500
2,1,1,80.56,20,576,9,2,49032,395
3,1,1,79.73,16,857,13,3,97830,780
2,1,1,61.1,6,552,7,1,84288,515
4,1,2,148.19,18,103,6,3,67481,1000
2,2,1,89.66,26,528,1,1,105733,948
3,1,1,107.7,15,1228,2,4,76602,825
3,2,2,147.33,7,539,1,3,86201,1270
2,1,1,81.84,6,235,1,1,39712,325
2,1,1,98.5,16,741,0,1,111675,1100
2,1,1,85.57,6,1132,0,5,52355,448
2,2,1,88.12,19,934,36,2,53109,468
2,1,1,83.75,16,501,2,3,64955,544
3,1,1,79.79,5,358,13,1,57651,460
4,2,2,151.18,22,596,12,4,56224,850
2,1,1,68.53,6,,1,1,81716,560
3,2,2,131.29,15,363,8,5,103587,1360
2,2,1,94.06,18,854,1,3,79205,745
3,2,1,114.1,20,868,4,7,78878,900
3,2,2,159.98,10,171,3,1,39380,630
2,1,1,73.39,6,364,2,5,66085,485
2,2,1,77.74,6,641,16,7,25470,198
2,1,1,99.8,16,835,6,6,54108,540
5,2,2,176.83,7,1409,2,6,27710,490
1,1,1,50.1,16,178,7,1,81836,410
1,1,1,61.42,18,225,9,3,32400,199
1,1,1,45.3,8,1068,6,1,90508,410
3,2,2,124.71,24,302,2,3,60941,760
3,1,1,69.15,5,199,8,1,46276,320
2,1,1,77.48,18,426,112,7,76794,595
1,1,1,43.1,6,679,9,1,90487,390
3,1,2,144.18,28,711,8,4,41268,595
2,2,2,113.06,16,,2,2,60145,680
3,1,1,85,16,839,2,1,111647,949
2,2,2,108.43,32,417,1,3,59024,640
2,2,1,111.77,18,219,3,1,97074,1085
3,1,2,125.46,13,,5,2,52606,660
2,1,1,55.79,6,398,5,4,75282,420
1,1,1,66.62,21,452,6,3,45782,305
3,2,1,148.11,6,409,3,1,54014,800
2,2,1,58.42,6,803,35,4,40226,235
2,1,1,58.07,6,964,25,3,49079,285
3,1,1,82.7,17,301,5,1,128174,1060
2,1,1,78.23,20,376,14,2,45123,353
2,1,1,53.44,6,37,21,5,59506,318
2,1,1,97.75,24,184,5,1,56061,548
2,2,1,91.38,7,813,1,3,54717,500
3,1,1,82.2,6,392,10,3,76642,630
3,1,1,69.2,6,641,8,5,52746,365
2,1,1,54.7,6,360,42,1,124132,679
3,2,1,95.77,6,815,4,1,36024,345
1,1,1,36.6,6,769,31,2,94262,345
1,1,1,45.46,6,621,17,6,65332,297
3,2,2,124.73,6,1084,0,1,53556,668
3,1,1,121.02,6,1004,3,2,47513,575
2,1,1,60.91,16,65,11,7,45969,280
2,1,1,57.66,6,565,18,4,75442,435
1,1,1,46.55,15,363,11,1,84855,395
2,2,1,102.78,27,,2,2,41837,430
3,2,2,170.63,6,1272,4,1,35105,599
2,1,1,67.2,12,591,8,7,110119,740
2,1,1,97.14,21,939,7,5,56105,545
3,1,1,96.38,26,497,4,1,75742,730
2,1,1,55.7,6,328,7,1,149910,835
2,1,1,68.57,5,325,4,1,128336,880
2,1,1,47.98,12,337,4,4,89621,430
2,1,1,60.24,6,1211,3,3,53121,320
2,1,1,70.96,2,,10,2,49324,350
2,2,2,107.16,29,482,3,2,82120,880
2,1,1,61.08,6,681,20,3,41749,255
2,1,1,64.33,24,1102,21,1,66532,428
1,1,1,69.96,6,1438,16,2,37879,265
2,2,1,109.6,9,,1,1,68431,750
3,2,3,187.6,9,505,0,1,98614,1850
2,1,1,70.25,6,1227,30,1,50534,355
3,2,2,141.08,15,878,1,1,57414,810
2,1,1,64.44,14,37,12,3,58970,380
3,2,2,117.62,6,323,4,0,40809,480
1,1,1,63.87,24,77,7,1,59966,383
2,1,1,103.4,16,619,9,1,59478,615
2,1,1,69.56,22,927,9,3,124353,865
3,2,2,119.6,21,,8,2,54348,650
3,2,1,85.24,6,222,3,2,68747,586
2,2,1,88.33,22,425,5,1,96230,850
2,1,1,61.87,21,417,20,4,68692,425
3,2,2,134.64,24,621,1,1,56818,765
3,1,1,109.3,18,333,2,5,77768,850
3,1,1,77.7,6,727,11,2,113256,880
3,1,1,76.65,16,731,25,6,50881,390
3,1,1,74.59,6,1270,9,3,42767,319
2,1,1,69.25,21,443,3,1,64982,450
1,1,1,57.26,18,470,27,4,85225,488
2,1,1,60.8,6,370,2,1,103454,629
3,2,2,132.12,22,208,2,0,54345,718
2,1,1,54.3,6,398,7,3,87477,475
4,2,2,108.48,7,449,9,1,110527,1199
3,1,1,78.17,6,385,5,6,57311,448
2,1,2,113.81,17,1047,9,1,36904,420
3,2,2,119.63,6,,1,2,35526,425
2,1,1,68.57,6,444,4,2,40251,276
4,2,2,153.41,19,765,16,6,149925,2300
2,1,1,69.7,17,228,18,3,56671,395
3,1,2,173.9,28,378,15,3,42266,735
3,1,1,76.54,20,428,8,1,64672,495
3,2,2,166.27,27,482,1,1,73375,1220
1,1,1,40.36,6,406,5,3,57483,232
2,1,1,56.88,6,1316,26,6,52391,298
3,2,2,129.06,23,1249,6,1,70510,910
2,1,1,85.28,7,384,9,3,85131,726
2,1,1,98.84,19,765,11,4,146702,1450
3,1,1,179.92,21,613,1,2,66696,1200
2,1,1,93.49,24,895,6,7,57760,540
2,2,2,106.08,19,291,1,2,86727,920
3,2,2,122.57,6,929,2,4,52052,638
2,1,1,60.7,6,612,3,1,97199,590
2,1,1,99.77,9,564,1,6,94918,947
2,1,1,72.32,6,666,9,2,56692,410
3,2,2,154.47,20,654,8,2,53603,828
2,1,1,89.71,19,276,0,4,59637,535
2,2,1,99.68,23,,3,2,50060,499
2,1,1,60.09,16,717,5,5,79714,479
2,1,1,72.44,21,834,11,4,83932,608
3,2,2,136.87,19,724,1,1,86213,1180
2,1,1,53.9,5,1364,7,2,139147,750
2,1,1,69.75,15,1164,13,3,59498,415
2,1,1,54,12,667,14,7,87037,470
3,1,1,103.3,6,491,1,1,42594,440
2,1,1,65.1,6,545,9,2,101382,660
3,2,2,143.37,30,1194,2,1,50917,730
2,1,1,60.4,5,446,11,3,110927,670
2,1,1,57.85,6,719,19,3,51858,300
4,2,2,179.48,20,934,2,1,83575,1500
3,2,2,123.74,6,,4,2,60611,750
1,1,1,76.17,27,550,3,7,60391,460
3,1,1,124.67,11,,9,0,47967,598
6,2,4,243.8,3,863,16,2,49959,1218
3,1,1,77.87,26,385,3,2,65494,510
2,2,2,113.4,22,239,19,5,51587,585
1,1,1,64.72,17,654,7,1,67213,435
2,1,1,88.37,28,1472,0,5,56354,498
3,1,1,93.51,14,1052,2,5,54540,510
3,1,1,77.33,6,924,3,7,86642,670
3,1,1,88.71,16,518,4,3,99200,880
2,1,1,71.5,19,175,6,2,82517,590
2,2,1,93.32,13,589,4,1,123232,1150
1,1,1,47.4,6,375,3,4,142405,675
2,2,2,68.7,19,684,3,1,85881,590
2,1,1,52.08,6,1130,35,4,51459,268
2,1,1,96.31,29,451,60,3,46516,448
2,1,1,58.05,6,741,11,1,56848,330
3,1,1,68.7,5,556,15,2,53130,365
2,1,1,56.66,6,540,30,9,55595,315
2,1,1,90.8,25,1223,5,7,68282,620
1,1,1,59.59,14,,16,0,60581,361
2,1,1,56,6,825,8,7,92857,520
2,2,1,95.99,21,420,6,1,45838,440
3,2,2,151.48,21,,3,2,84500,1280
1,1,1,73.21,5,1438,4,1,34968,256
3,1,1,65.22,6,554,10,1,47531,310
5,2,2,240.56,28,711,4,1,27020,650
2,1,1,62.09,6,704,9,1,79723,495
2,1,2,118.95,14,1462,8,1,52123,620
3,1,1,71.6,6,1106,10,7,85196,610
1,1,1,55.1,16,839,5,3,107985,595
2,2,2,130.01,18,879,7,2,58457,760
3,1,1,85.19,21,927,28,6,111515,950
4,2,2,126.39,7,463,10,6,94944,1200
3,1,1,84.4,22,428,11,3,94668,799
3,1,1,85.54,6,716,19,1,52607,450
2,1,1,55.7,7,328,9,4,149013,830
3,2,2,147.28,18,259,15,1,101847,1500
2,1,1,80.76,6,,6,8,40862,330
1,2,1,60.59,17,422,6,1,40931,248
2,2,2,94.09,6,677,16,6,44638,420
3,2,2,124.39,30,436,2,1,65118,810
3,2,2,124.53,10,652,25,3,66651,830
3,1,1,66.6,6,538,7,8,128829,858
3,2,2,117.05,6,1443,4,2,34601,405
3,1,1,97.52,7,294,5,1,85111,830
2,1,1,62.44,6,329,1,2,76874,480
2,1,1,63.85,25,259,5,5,70478,450
2,1,1,62.03,16,563,6,4,70127,435
1,1,1,67.21,18,934,1,0,55051,370
2,1,1,64.5,8,586,15,1,109767,708
3,2,1,119.24,18,854,1,1,77155,920
1,1,1,55.8,20,280,2,1,76165,425
2,1,1,84.81,6,250,0,1,39146,332
2,1,1,86.59,20,276,0,3,57628,499
2,1,1,68,6,1223,3,1,51471,350
3,2,2,117.06,6,637,0,2,42286,495
3,2,2,119.17,6,1443,1,3,40279,480
1,1,1,58.75,12,1016,7,1,60596,356
3,2,2,132.52,10,1045,0,0,92816,1230
2,1,1,60.45,15,1164,12,7,57899,350
2,1,1,101.44,26,334,4,1,63091,640
2,1,1,61.96,6,765,10,2,58909,365
1,1,1,59.62,19,223,10,2,56189,335
3,2,1,123.2,6,1086,7,1,49107,605
5,3,2,200.25,6,,4,2,25468,510
2,1,1,96.85,33,327,76,2,37068,359
2,1,1,85.09,5,250,3,1,37137,316
4,1,2,175.01,26,706,2,15,54283,950
2,1,1,52.1,24,893,3,14,90211,470
3,1,2,85.59,21,834,4,6,102816,880
3,2,2,137.1,6,880,0,0,94821,1300
2,1,1,53.6,5,549,2,0,73694,395
3,1,1,91.38,6,,1,0,33377,305
2,1,1,66.03,16,,13,1,54521,360
3,2,2,127.1,16,345,2,8,112903,1435
3,1,1,66.3,6,373,29,8,114630,760
1,1,1,55.91,22,511,2,1,65641,367
2,1,1,69.8,6,1490,1,1,36963,258
1,1,1,48.97,18,604,12,3,59628,292
2,1,1,53.86,6,1051,1,1,76123,410
2,1,1,55.6,6,441,3,7,136691,760
2,1,1,74.29,6,1132,8,7,50478,375
2,2,1,96.13,24,1431,3,3,78956,759
3,1,1,71.3,18,856,0,1,102384,730
3,2,2,111.3,11,290,7,4,129919,1446
1,1,1,54.7,6,1063,4,7,55759,305
1,1,1,51.16,6,604,10,2,58444,299
3,1,1,77.04,6,676,7,1,58411,450
3,1,1,93.42,9,637,6,2,38000,355
1,1,1,61.9,27,436,2,1,77544,480
2,1,1,63.16,14,371,22,3,58581,370
1,1,1,60.31,18,1117,3,1,43111,260
3,1,1,83.21,6,,8,2,78116,650
2,1,1,62.1,6,392,38,4,71659,445
2,1,1,81.34,25,437,6,5,62085,505
1,1,1,49.1,9,848,2,2,91242,448
2,1,1,57,6,1378,81,0,61754,352
2,1,1,86.3,16,577,3,16,42410,366
3,2,2,197.84,8,209,0,0,90983,1800
2,1,1,62.4,6,475,4,4,63301,395
3,1,1,59.03,6,302,0,3,101643,600
1,1,1,52.1,6,705,4,7,58541,305
2,1,1,82.31,6,304,7,6,64391,530
2,1,1,108.75,12,439,3,3,55172,600
1,1,1,65.01,28,631,2,2,54607,355
3,2,2,179.89,28,706,2,5,69487,1250
2,1,1,60.9,6,441,10,3,130000,791
2,1,1,58.67,16,755,2,0,85222,500
2,2,2,117.41,22,509,4,3,76229,895
3,1,1,99.99,16,1228,0,1,80608,806
1,1,1,68.47,15,556,1,5,59880,410
1,1,1,46.95,6,359,2,4,50053,235
2,1,1,59.1,7,773,4,6,106599,630
2,1,1,93.28,10,,0,6,44811,418
1,1,1,71.39,19,252,1,3,60933,435
3,1,1,79.85,12,1341,1,6,51597,412
2,1,1,61.92,7,829,3,1,62661,388
3,1,2,62.34,19,684,0,5,89028,555
2,1,1,59.56,6,250,2,2,84788,505
3,2,2,115.36,6,865,2,1,38575,445
2,1,1,64.93,16,1006,1,1,52364,340
3,2,2,130.4,11,929,0,1,52147,680
3,1,1,120.62,25,269,1,1,60521,730
3,2,2,122.21,18,420,1,2,56051,685
2,1,1,57.46,6,966,4,6,57431,330
3,2,2,134.2,5,978,2,1,29732,399
3,1,1,65.65,16,347,0,3,106626,700
2,1,1,98.02,12,609,1,5,105081,1030
3,2,2,161.54,26,972,1,6,83571,1350
6,3,4,344.07,4,696,4,5,104049,3580
3,1,1,108.3,14,659,3,2,146814,1590
2,1,1,67.8,6,254,0,2,144543,980
2,1,1,96.07,29,451,6,6,53919,518
2,1,1,88.33,31,198,0,5,54342,480
3,2,0,278.67,17,992,2,2,33014,920
1,1,1,42.8,5,1382,2,5,86449,370
2,1,1,57.5,6,784,4,8,88696,510
2,2,1,86.28,11,929,0,1,55053,475
1,1,1,48.54,12,487,7,5,69633,338
3,1,1,102.3,23,493,2,2,96285,985
2,1,1,118.58,7,808,4,3,113847,1350
3,1,1,65,17,853,3,3,47692,310
1,1,1,58.53,16,835,5,7,55869,327
3,1,2,130.75,9,,2,1,56597,740
2,1,1,56.18,5,617,3,3,94340,530
2,1,1,59,18,1382,4,5,84746,500
2,1,1,95.21,25,1010,3,2,62914,599
2,1,1,65.44,18,813,5,1,47372,310
2,1,1,47.4,6,316,3,8,106540,505
3,2,2,117.15,21,611,2,7,96458,1130
2,1,1,56.09,6,1300,3,4,42610,239
3,2,2,124.08,6,813,4,1,49565,615
2,1,1,96.55,17,625,0,3,64733,625
3,1,2,161.93,22,971,5,2,29951,485
1,1,1,72.79,28,608,2,3,74873,545
1,1,1,64.44,11,800,2,1,61297,395
2,1,1,71.8,6,793,3,1,70056,503
2,2,2,106.82,28,861,0,2,42127,450
2,1,1,55.7,4,400,3,5,113106,630
2,1,1,108.7,6,652,1,4,59430,646
3,2,2,117.63,6,323,0,2,41656,490
1,1,1,47.98,6,141,7,1,54606,262
2,1,1,57.8,7,1045,3,3,83045,480
3,1,1,60.29,6,808,2,3,96202,580
2,1,1,88.14,18,934,2,1,55026,485
2,1,1,57.57,6,,3,4,48636,280
1,1,1,56.64,6,1370,2,2,49435,280
1,1,1,57.75,24,487,1,2,76017,439
3,1,1,107.79,6,,3,1,34140,368
1,1,1,52.3,16,857,0,3,113767,595
2,1,1,58.55,6,439,1,4,93083,545
3,1,1,79.27,7,644,4,4,61814,490
3,1,1,90.69,21,729,1,2,56236,510
1,1,1,66.49,27,1228,4,2,64070,426
1,1,1,75.24,26,621,0,1,65125,490
1,1,1,76.14,33,372,1,5,51221,390
2,1,1,86.54,20,511,3,3,57661,499
2,1,1,65.8,4,535,3,2,109878,723
1,1,1,42.07,14,676,3,1,76064,320
3,1,2,128.17,18,376,3,2,39011,500
2,1,1,58.05,6,803,8,1,89578,520
2,2,1,99.58,24,393,2,5,80337,800
2,1,1,58.04,12,461,9,1,59442,345
3,2,2,130.24,35,198,8,6,53747,700
1,1,1,49.26,6,820,4,1,80999,399
2,1,1,87.27,24,1102,3,1,85826,749
2,1,1,57.3,6,851,4,6,115183,660
3,1,1,69.55,5,449,1,1,107836,750
2,2,2,88.6,6,347,3,6,114898,1018
1,1,1,45.81,6,1164,1,1,60031,275
1,1,1,66.99,18,718,1,1,48515,325
4,2,2,193.35,6,271,1,1,37238,720
3,1,1,68.3,6,1320,3,7,121230,828
1,1,1,45.19,16,1110,25,4,60854,275
2,1,1,87.7,20,541,3,4,87571,768
2,2,2,52.46,18,945,2,6,97217,510
1,1,1,54.13,14,1061,6,1,49510,268
2,1,1,81.97,12,763,0,1,74417,610
2,1,1,61.9,14,343,13,4,57351,355
2,1,1,57.41,6,1262,5,4,95802,550
2,1,1,99.68,6,1077,4,1,42135,420
2,1,1,65.6,6,1108,8,5,80030,525
2,1,1,61.44,6,1053,7,3,51758,318
3,1,1,73.1,18,763,15,5,106019,775
2,1,1,90,18,549,1,1,48667,438
2,1,1,95.02,6,387,4,1,41044,390
2,1,1,62.9,6,1026,4,5,103180,649
2,1,1,71.11,21,524,60,3,38954,277
3,1,1,68.64,6,803,6,3,85227,585
2,1,1,79.31,18,808,1,1,88261,700
3,2,2,157.68,14,531,6,2,107179,1690
2,1,1,55.57,12,1117,3,4,63883,355
1,1,1,52.17,11,484,9,2,70155,366
2,1,1,59.39,6,601,3,7,85031,505
2,1,1,80.6,27,304,4,1,67618,545
1,1,1,71.37,27,858,4,0,55906,399
2,1,1,54.4,6,484,3,1,95956,522
1,1,1,40.69,21,346,3,4,92160,375
3,2,2,140.47,25,819,1,1,49121,690
5,3,4,367.31,9,910,0,1,108900,4000
1,1,1,72.06,18,728,1,2,56203,405
2,1,2,102.87,6,,4,2,40731,419
2,1,1,83.57,27,356,0,2,60428,505
1,1,1,69.02,18,673,1,8,46363,320
2,1,1,55.96,6,461,18,6,65225,365
3,2,1,109.19,10,536,0,1,117227,1280
1,1,1,66.55,22,1367,2,1,47333,315
3,1,1,76.65,14,846,17,2,54795,420
3,1,1,71.3,16,637,9,2,92567,660
3,1,2,116.64,21,1086,1,1,54698,638
3,2,2,146.53,14,847,1,2,53231,780
2,1,1,70.62,28,524,26,1,37525,265
2,1,1,79.49,14,510,14,2,64411,512
2,1,1,63.76,15,400,0,2,74969,478
3,1,1,86.6,7,612,5,4,99307,860
2,1,1,67.8,6,931,6,2,102950,698
2,1,1,120.55,6,,3,3,31107,375
3,2,1,95.11,6,271,3,1,50994,485
3,2,2,131.42,21,335,6,1,65439,860
1,1,1,48.4,8,655,11,3,136364,660
3,2,2,137.64,25,819,1,2,46135,635
2,1,1,59.21,11,1034,7,4,74312,440
2,1,1,57.5,7,655,37,4,149913,862
3,1,1,71.12,6,699,5,1,56946,405
2,1,1,74.68,11,162,3,7,121853,910
3,1,1,83.1,3,694,9,4,106498,885
2,2,1,103.92,10,1062,8,1,47921,498
1,1,1,50.4,26,584,5,2,66071,333
1,1,1,59.71,18,976,3,2,80054,478
3,1,1,71.7,6,842,27,1,47420,340
2,1,1,73.7,18,1222,11,1,101764,750
3,2,2,139.59,23,537,6,2,131098,1830
3,2,2,246.17,7,434,3,2,24780,610
3,1,1,80.8,6,591,6,1,116089,938
3,2,2,124.32,6,932,8,1,34025,423
2,1,1,68.68,13,975,9,1,51689,355
3,2,2,174.28,16,514,2,1,64838,1130
3,1,1,94.13,27,437,7,1,66185,623
2,1,1,88.26,20,225,9,9,29458,260
3,1,1,103.93,28,1072,8,1,54364,565
3,2,2,134.09,28,711,4,2,41688,559
3,1,2,155.99,26,226,11,1,50003,780
2,1,1,92.34,20,419,2,1,149448,1380
2,1,1,74.1,6,1132,12,1,48178,357
3,2,2,150.35,12,383,0,3,54539,820
3,2,2,131.5,6,,8,1,57034,750
2,1,1,91.62,12,,4,3,38201,350
2,1,1,72.58,4,599,8,4,91761,666
2,2,2,124.19,24,1243,20,2,40261,500
3,2,1,126.37,6,1159,5,2,37034,468
1,1,1,46.32,18,491,56,2,62608,290
1,1,1,60.5,18,1498,19,2,61488,372
3,2,2,177.31,12,693,1,6,76138,1350
3,2,2,135.68,27,162,3,3,40537,550
2,1,1,60.23,6,774,3,3,55786,336
3,2,2,129.13,17,458,6,7,90064,1163
2,1,1,85.35,14,527,5,2,49092,419
2,1,1,81.01,6,1040,4,7,96284,780
2,1,1,61.44,6,484,4,1,81380,500
2,1,1,54.92,6,406,17,3,73379,403
3,2,2,140.32,19,545,3,2,103335,1450
2,1,1,45.1,6,832,20,1,79379,358
3,1,1,62.19,10,514,19,2,68982,429
1,1,1,37.52,6,109,29,3,67164,252
2,1,1,55.01,17,840,8,5,98709,543
3,1,1,114.22,24,570,5,1,49466,565
1,1,1,58.4,9,717,11,1,77055,450
3,2,1,110.99,13,1351,0,3,52257,580
3,1,1,75.31,18,868,14,4,79671,600
2,1,1,85.12,18,470,10,1,92575,788
2,2,1,126.73,11,465,2,2,71017,900
2,1,1,90.6,16,834,2,4,58499,530
2,1,1,91.45,30,608,4,4,85293,780
2,1,1,57.5,12,449,3,7,109913,632
3,2,2,126.89,13,677,5,6,49649,630
4,1,1,109.6,4,549,7,1,112135,1229
2,1,1,108.75,13,439,2,4,57931,630
3,2,2,131.02,12,225,19,3,45718,599
2,2,1,101.54,3,,7,3,34371,349
4,2,2,165.42,18,165,1,0,77379,1280
2,2,2,147.49,20,1275,4,3,53563,790
3,1,2,122.29,6,,7,2,40886,500
3,1,1,120.1,6,,4,2,18152,218
1,1,1,71.8,25,819,42,0,48747,350
1,1,1,47.95,20,589,0,4,124088,595
1,1,1,67.37,22,1074,0,1,68577,462
3,1,1,115.79,14,461,1,1,61318,710
2,1,1,82.53,28,704,3,4,66642,550
2,1,1,119.81,25,424,0,2,67607,810
3,1,1,76.32,4,957,1,3,77306,590
1,1,1,71.4,24,472,6,1,80532,575
2,1,1,47.8,5,433,2,2,110879,530
3,1,1,67.96,12,58,4,4,58858,400
2,1,1,82.88,6,,0,1,34387,285
2,1,1,87.27,27,1012,0,1,63023,550
2,2,2,103.19,6,420,0,1,55044,568
3,1,1,91.7,5,486,3,2,89967,825
4,2,2,179.48,20,934,0,4,85246,1530
1,1,1,45.9,6,,0,1,54248,249
4,3,2,114.33,22,596,0,3,71722,820
2,1,1,92.48,10,,1,2,49200,455
2,1,1,75.6,6,1211,0,3,55556,420
2,1,1,94.58,17,308,0,3,79298,750
2,1,1,77,5,525,0,2,71299,549
2,1,1,74.33,5,,14,4,38343,285
1,1,1,51.75,20,464,28,2,47923,248
3,1,1,109.03,19,346,2,4,82087,895
2,1,1,54.3,5,361,5,2,77348,420
1,1,1,58.42,22,308,0,2,73605,430
2,1,1,77.18,21,,17,2,30967,239
1,1,1,59.53,19,223,2,1,57114,340
1,1,1,80.03,25,450,0,4,72473,580
3,2,2,119.22,21,577,0,2,82033,978
1,1,1,41.5,6,813,3,7,108193,449
1,1,1,35.44,4,415,7,4,97348,345
3,2,2,134.78,6,761,16,4,26339,355
3,1,1,96.53,6,1197,0,2,37812,365
5,2,4,311.96,5,528,0,1,147455,4600
2,1,1,85.47,16,1000,1,1,50310,430
3,2,2,112.88,11,161,0,3,56520,638
4,3,3,270.39,5,528,0,1,149784,4050
2,1,1,60.13,6,306,5,8,60702,365
2,1,1,87.33,25,1264,2,4,43513,380
1,0,1,30.62,20,460,6,7,76094,233
2,1,1,60.8,6,495,7,2,64145,390
1,1,1,57.18,20,435,1,2,85345,488
2,1,2,66.66,17,684,0,2,87009,580
2,1,1,74.31,6,987,3,1,44409,330
2,1,1,65.96,14,861,1,5,62917,415
2,1,1,83.2,6,825,1,5,88341,735
1,1,1,49.63,6,1427,2,1,79589,395
2,1,1,69.97,11,461,4,3,54309,380
2,1,1,102.87,15,427,2,3,106931,1100
2,2,2,93.15,22,161,0,3,59045,550
4,2,4,232.85,6,528,1,1,141293,3290
1,1,1,58.01,19,706,1,2,60679,352
2,1,1,84.9,16,370,1,1,63604,540
3,1,1,79.78,6,389,2,0,116571,930
2,1,1,85.56,13,1046,3,4,59607,510
2,1,1,61.3,6,656,2,4,119086,730
1,1,1,33.86,28,530,9,3,97460,330
2,1,1,65.8,4,125,3,2,92705,610
3,1,1,86.7,18,415,2,4,95963,832
2,1,1,57.02,6,894,12,2,61031,348
1,1,1,68.76,17,,4,2,39267,270
2,1,1,54.3,6,591,0,5,132597,720
3,2,1,89.55,6,,1,5,69235,620
1,1,1,47.52,31,1194,5,1,66288,315
1,1,1,64.65,18,482,0,1,81206,525
1,1,1,50.94,18,772,2,8,106007,540
3,1,1,77.9,6,1026,3,1,128370,1000
2,1,1,65.94,11,540,0,2,79921,527
2,2,2,134.66,8,549,1,1,87628,1180
2,1,1,44.12,6,540,6,4,72529,320
3,1,1,118.67,6,591,3,2,113761,1350
2,1,1,61.76,12,637,3,7,92293,570
1,1,1,80.74,22,583,3,2,59946,484
2,2,1,92.51,6,704,0,2,63561,588
2,1,1,69.4,12,591,0,2,115130,799
2,2,2,130.67,16,375,2,5,118619,1550
1,1,1,51.4,31,400,33,4,46693,240
2,1,1,56.9,6,1213,3,2,89631,510
2,2,1,112.72,9,751,1,1,47463,535
1,1,1,43.43,6,741,8,1,44209,192
2,1,1,64.3,16,345,5,2,111975,720
2,1,1,66.35,7,666,1,1,61794,410
2,2,2,140.34,26,1196,0,2,58430,820
1,1,1,48.14,6,,0,2,55671,268
1,1,1,47.22,11,929,0,2,64803,306
1,1,1,26.61,4,420,17,3,61631,164
1,1,1,70.59,25,763,6,4,59499,420
2,1,1,58.24,6,707,5,9,64904,378
2,1,1,55.5,6,381,3,2,81982,455
2,1,1,89.22,19,693,3,2,50998,455
2,1,1,65.72,6,728,4,2,65277,429
2,1,1,62.11,6,1053,5,3,49911,310
2,2,1,111.35,24,630,2,2,79928,890
2,2,1,100.78,32,680,1,1,50605,510
2,2,2,72.69,28,632,0,1,87770,638
1,1,1,40.89,25,304,20,6,72389,296
3,1,1,107.6,19,1091,1,1,97584,1050
2,1,1,73.91,6,,1,1,48031,355
1,1,1,40.09,10,1445,6,1,71090,285
3,1,2,116.94,6,,1,1,47033,550
2,2,2,139.14,15,,0,1,71008,988
2,1,1,75.6,19,1437,0,3,80688,610
2,2,2,144.76,34,761,3,7,64244,930
1,0,1,61.64,19,223,0,4,54348,335
3,1,2,125.82,28,482,0,1,63583,800
1,1,1,51.99,20,719,0,1,146182,760
3,2,2,124.39,6,532,1,1,34971,435
2,1,1,49.12,5,1207,1,1,127850,628
2,1,1,68.7,5,264,1,4,87045,598
2,2,1,91.25,14,983,0,1,51288,468
1,1,1,69.69,15,1099,3,1,68733,479
1,1,1,56.24,27,1141,0,1,69346,390
3,2,2,178.45,25,230,0,2,57719,1030
2,1,1,76.25,22,879,1,3,62820,479
2,1,1,45.24,6,714,11,1,75155,340
2,1,1,76.38,16,751,2,2,110631,845
1,1,1,46.22,6,248,6,1,61662,285
1,1,1,64.31,30,1098,0,1,62199,400
1,1,1,38.2,15,871,5,1,79843,305
2,1,1,58.2,6,811,3,8,88488,515
3,2,1,89.88,17,,3,3,37272,335
3,1,1,95.24,14,489,11,2,78223,745
2,1,1,71.23,6,978,1,2,65983,470
2,1,1,56.4,5,1317,0,1,102837,580
2,1,1,83.24,22,510,1,3,45651,380
1,1,1,63.9,12,684,3,1,79969,511
2,1,1,54.19,6,562,6,3,98727,535
3,2,2,132.87,18,796,0,2,102356,1360
2,1,1,57.41,6,1262,3,2,86919,499
3,2,2,137.97,9,553,0,3,88425,1220
2,2,1,107.59,19,718,2,7,76215,820
3,1,1,57.77,5,302,4,1,103860,600
1,1,1,21.93,20,530,1,1,148199,325
2,1,1,54.14,6,386,11,1,84965,460
2,1,1,110.4,6,,3,1,84239,930
2,2,2,102.57,6,,7,8,27298,280
3,1,1,70.13,6,457,5,3,97676,685
3,1,1,107.78,6,1303,0,2,41752,450
1,1,1,55.45,30,684,2,4,63120,350
2,2,1,88.99,36,198,0,1,57310,510
2,1,1,61.5,6,610,4,2,122927,756
3,2,2,151.68,11,376,1,1,82410,1250
2,1,1,61.8,9,610,12,5,126214,780
2,1,1,52.27,6,436,4,4,97570,510
1,1,1,53.18,23,986,11,2,50771,270
1,1,1,70.72,21,830,9,1,45249,320
2,1,1,84.46,12,220,4,1,74592,630
2,1,1,65.36,6,652,3,2,69614,455
2,1,1,62.47,16,1051,3,2,72035,450
3,1,1,65.05,12,937,8,3,76556,498
3,1,1,72.54,18,453,4,2,55004,399
2,1,1,67.77,6,462,11,8,120997,820
2,1,1,55.4,18,124,1,2,142238,788
3,2,2,115.01,9,1052,2,5,58256,670
2,1,1,67.37,22,1057,2,1,78670,530
2,1,1,60.6,6,153,2,2,70957,430
2,1,1,85.57,24,1068,2,3,73624,630
2,1,1,57.68,6,520,11,6,81484,470
3,1,1,88.18,15,1060,6,4,45929,405
3,2,2,123.82,8,,3,4,61379,760
1,1,1,41.15,6,586,9,1,83840,345
2,1,1,91.75,22,425,0,2,92643,850
1,1,1,57.83,13,913,1,1,65018,376
1,1,1,66.4,25,816,4,6,57530,382
4,2,3,297.57,32,761,2,4,60490,1800
2,1,1,69.78,16,635,2,6,60189,420
3,2,2,147.18,31,289,7,2,49599,730
1,1,1,47.51,16,563,20,3,68407,325
3,2,2,144.08,7,583,3,1,114520,1650
2,1,1,99.6,27,881,2,2,55221,550
2,1,1,67.43,17,1068,6,1,56355,380
2,1,1,57.97,6,706,2,1,103502,600
2,1,1,91.45,24,835,0,5,94040,860
2,1,1,91.79,7,633,0,1,81708,750
1,1,1,66.47,18,225,0,8,54912,365
2,1,1,92.51,6,704,1,2,65723,608
1,1,1,47.99,7,666,3,1,64597,310
3,1,1,78.8,18,712,6,3,64086,505
3,1,1,84.7,14,460,4,4,116883,990
3,2,3,181.56,3,863,0,1,49460,898
2,1,1,69.27,21,834,1,6,98167,680
2,1,1,91.44,8,1395,4,3,70210,642
2,2,1,84.47,29,298,3,2,42027,355
4,2,2,190.11,28,706,2,5,62069,1180
2,1,1,80.94,20,787,5,8,43242,350
1,1,1,35.79,5,690,10,1,106175,380
1,1,1,48.45,4,,2,2,59443,288
2,1,1,50.8,6,426,7,1,67913,345
2,1,1,71.4,24,472,5,7,79692,569
2,2,1,74.81,12,461,2,3,50795,380
3,2,2,128.03,24,839,6,3,92166,1180
2,1,1,76.9,10,1145,6,6,62419,480
2,1,1,88.69,30,1074,1,1,58631,520
4,2,2,174.03,6,688,3,3,94811,1650
2,1,1,66.07,13,58,6,3,66596,440
2,1,1,55.07,7,,18,2,21790,120
2,1,1,57.64,6,90,6,4,91950,530
1,1,1,67.22,25,675,4,1,60994,410
2,1,1,84.43,12,652,4,4,62537,528
3,1,1,74.79,6,644,4,4,80225,600
1,1,1,58.69,26,913,1,2,65088,382
5,2,3,182.53,6,1159,0,1,33145,605
2,2,1,102.06,12,438,1,2,53400,545
2,2,2,110.67,27,516,0,1,62348,690
2,1,1,56.29,14,370,9,1,68396,385
2,1,1,50.1,5,470,15,3,73852,370
2,1,1,90.66,6,,6,5,46327,420
3,2,2,147.75,18,796,0,4,98139,1450
2,1,1,57.6,6,1495,5,1,69097,398
3,2,2,135.89,12,265,9,3,79476,1080
2,2,1,102.36,28,571,6,4,56663,580
2,1,1,82.9,6,769,6,3,80579,668
2,2,1,88.07,6,,3,5,51663,455
2,1,1,76.43,22,762,2,4,88970,680
2,2,2,122.76,26,701,3,4,123656,1518
3,1,1,56.4,6,467,4,3,97518,550
3,2,2,131.11,30,1047,2,1,77797,1020
3,1,1,78.79,6,129,5,2,63206,498
2,1,1,75.19,22,1437,5,4,80862,608
3,1,1,86.9,16,162,8,2,64442,560
2,1,1,65.42,18,560,12,2,53195,348
2,1,1,85.7,6,265,1,2,56709,486
3,1,1,84.4,6,591,3,4,122630,1035
2,1,1,42.31,10,25,5,7,118175,500
3,2,2,141.48,24,646,1,6,77750,1100
2,1,1,60.11,7,339,4,4,74863,450
4,3,3,272.37,4,873,2,6,54338,1480
4,2,2,96.37,30,298,1,1,49289,475
2,1,1,94.7,23,760,17,4,79197,750
2,1,1,65.53,4,330,0,3,73249,480
2,1,1,73.28,20,899,3,1,48444,355
2,1,1,56.3,6,362,8,1,104440,588
3,2,2,121.86,16,438,1,1,49237,600
1,1,1,41.69,6,693,17,5,67162,280
3,1,1,76.74,18,306,5,0,69716,535
2,1,1,74.32,14,857,9,2,107374,798
1,1,1,61.86,6,834,3,1,52538,325
2,1,1,57.37,6,714,16,1,65365,375
3,2,2,91,18,653,4,2,95385,868
3,1,1,71.3,6,446,10,3,113604,810
3,1,2,136.03,9,943,6,2,62119,845
2,1,1,96.83,20,796,2,5,95012,920
3,2,2,117.46,24,1062,2,1,70662,830
5,3,3,286.01,6,528,0,1,122373,3500
2,1,1,79.9,23,830,2,2,53817,430
2,1,1,57.56,5,211,4,5,74705,430
3,2,1,118.21,9,684,2,4,79519,940
1,1,1,48.5,9,367,18,1,80000,388
2,2,1,89.99,22,,13,6,31115,280
3,1,1,87,14,767,6,3,50575,440
2,2,2,91.35,25,705,4,1,54516,498
2,1,1,64.5,6,419,7,4,73643,475
2,1,1,58.49,6,914,8,1,70097,410
3,1,1,99,14,708,8,2,88889,880
3,1,1,77.71,6,146,3,4,96513,750
2,2,2,127.69,24,640,2,2,74399,950
2,2,1,102.9,6,1027,0,3,92809,955
3,2,1,118.67,6,591,33,4,117806,1398
2,1,1,85.37,12,645,6,0,64425,550
2,1,1,59.59,9,1281,4,0,62930,375
3,2,2,124.05,6,932,0,0,35711,443
4,2,2,181.44,7,1107,1,0,109954,1995
1,1,1,41.8,7,934,3,1,100478,420
3,2,2,135.36,26,693,0,0,76093,1030
1,1,1,55.33,12,514,0,0,79523,440
3,1,1,73.58,6,434,2,0,89698,660
2,1,1,109.44,28,421,1,0,53911,590
1,1,1,64.44,27,1228,1,0,70608,455
2,1,2,97,8,1370,1,0,40206,390
2,1,1,105.37,12,1031,0,0,37772,398
3,1,1,108.08,22,575,2,0,87713,948
2,1,1,54.84,6,842,2,0,54705,300
2,1,2,90.16,22,513,1,1,53793,485
3,2,2,119.89,6,1186,0,0,42956,515
2,1,1,53.08,6,693,6,0,63677,338
2,1,1,87.94,23,448,1,0,45258,398
3,1,1,111.99,16,501,1,0,63845,715
1,1,1,42,15,302,6,0,85476,359
2,1,1,102.5,8,1000,4,1,49756,510
2,1,1,57.97,6,1373,1,0,67104,389
1,1,1,29.71,30,457,8,0,79098,235
2,1,1,90.09,18,559,0,0,113220,1020
1,1,1,46.05,27,1345,0,0,53855,248
2,2,2,109.4,5,1387,0,0,67459,738
3,1,1,88.91,16,,6,0,38016,338
3,2,2,125.15,6,632,1,0,102277,1280
3,2,1,125.75,6,1077,3,0,35785,450
2,1,1,86.93,16,,3,0,35661,310
2,1,1,88.49,14,882,0,0,81252,719
3,2,1,106.51,6,378,0,0,32861,350
2,2,1,93.42,6,692,0,0,46029,430
1,1,1,61.48,22,,2,0,43103,265
3,2,2,143.62,20,,2,0,48392,695
1,1,1,79.9,23,613,0,0,80726,645
2,1,1,89.58,18,,0,0,55816,500
2,2,1,103.37,6,,7,0,38696,400
3,2,2,163.11,21,693,1,0,77248,1260
3,3,3,306.04,15,,3,0,57182,1750
1,1,1,47.99,6,604,14,0,58345,280
2,1,1,69.37,10,1011,4,0,55499,385
2,1,1,72.14,6,,11,0,38120,275
3,1,1,88.4,6,331,1,0,39593,350
2,2,2,95.34,10,401,3,0,64926,619
1,1,1,67.21,6,456,2,0,39429,265
2,1,1,60.11,30,457,3,0,69872,420
1,1,1,57.32,6,793,0,0,68911,395
3,2,2,138.06,18,566,1,0,57584,795
1,1,1,50.99,6,604,15,0,56874,290
3,1,1,81.82,6,1227,5,0,48888,400
3,2,2,126.29,19,452,0,0,47510,600
2,1,1,89.89,18,,1,0,47058,423
2,2,1,110.89,18,829,1,0,54108,600
1,1,1,47.52,14,679,5,0,58923,280
3,1,1,106.68,6,,2,0,34496,368
2,1,1,49.65,6,456,3,0,49345,245
2,2,2,123.53,19,745,2,0,93095,1150
2,1,1,101.08,11,741,3,0,74199,750
1,1,1,53.08,18,693,7,0,58779,312
2,1,1,90.09,6,1312,2,0,59940,540
2,1,2,121.2,7,,1,0,30941,375
3,1,1,93.25,27,487,6,0,99732,930
4,2,2,178.03,22,1367,2,0,39319,700
2,1,1,64.94,6,676,2,1,64059,416
1,1,1,80.3,10,335,1,0,70735,568
2,1,1,74.38,9,694,11,0,58752,437
2,1,1,73.94,6,456,2,0,39221,290
2,1,1,56.66,6,240,11,0,75009,425
3,2,2,139.78,16,1058,0,0,59951,838
2,2,1,105.56,16,988,3,0,123153,1300
2,2,1,81.44,6,1227,19,0,46046,375
2,1,1,79.89,6,581,14,0,49443,395
2,1,1,74.28,6,777,42,0,36349,270
3,1,1,79.47,16,791,4,1,82421,655
2,1,1,71.81,6,1015,10,0,41498,298
3,2,2,167.29,6,675,3,0,82491,1380
2,1,1,89.59,18,1362,0,0,54136,485
3,2,2,128.62,18,462,3,0,63754,820
2,1,1,64.1,5,750,8,0,88924,570
1,1,1,57.22,6,637,4,0,54177,310
3,1,1,81.9,18,908,1,0,101954,835
3,2,2,118.82,12,376,2,0,111092,1320
2,2,1,100.34,19,164,1,0,44848,450
3,2,2,137.68,25,675,0,0,53021,730
2,1,1,84.88,6,637,5,0,45947,390
2,1,1,64.74,6,875,7,0,76923,498
2,1,1,70.81,6,768,3,0,108459,768
4,2,2,125.92,12,993,0,0,93710,1180
3,1,1,56,6,228,31,0,62500,350
3,2,2,165.66,6,971,0,0,31390,520
2,1,1,59.31,6,512,14,0,61541,365
3,1,1,97.74,18,426,116,0,73665,720
2,2,2,109.03,5,,1,0,30725,335
2,1,1,105.81,6,642,5,0,83924,888
2,2,1,116.15,6,880,0,0,93414,1085
3,2,1,109.06,7,471,13,0,83440,910
2,1,1,101.75,6,986,3,0,40786,415
3,1,1,73.81,6,1073,10,0,75870,560
3,1,1,164.76,32,172,1,0,77689,1280
2,1,1,57.8,6,1026,29,0,112457,650
1,1,1,54.28,22,655,4,0,75534,410
2,1,1,64.91,6,676,4,0,65783,427
4,2,3,158.18,4,1247,5,0,47667,754
3,2,2,112.68,6,456,1,0,35942,405
3,1,1,71.82,12,626,1,0,89947,646
3,2,2,111.25,6,271,5,0,43596,485
2,1,2,86.7,29,291,4,0,74971,650
3,2,2,130.75,6,1077,8,0,32122,420
1,1,1,60.31,24,417,4,0,63837,385
2,1,1,49.75,6,404,11,0,81407,405
2,1,1,56.66,6,1030,9,0,56477,320
2,1,1,81.72,6,1227,3,0,46378,379
2,1,1,58.1,6,549,6,0,75731,440
3,1,1,75.5,21,844,5,0,83841,633
1,1,1,55.1,16,839,2,0,112523,620
3,1,1,68.7,5,319,33,0,53857,370
3,1,1,153.9,20,785,0,0,46784,720
2,2,1,86.71,6,212,13,0,46015,399
2,1,1,68.22,6,267,8,0,68895,470
2,1,1,62.86,6,604,10,0,58384,367
3,2,2,140.35,15,,1,0,49875,700
3,1,1,82,5,654,10,0,112195,920
1,1,1,60.03,8,684,26,0,83292,500
2,1,1,104.14,22,469,5,0,77588,808
2,1,1,49.47,6,450,9,0,84900,420
2,2,1,100.97,24,938,3,0,84183,850
1,1,1,45.78,6,334,2,0,60288,276
3,1,1,82.9,6,306,10,0,59710,495
3,2,2,129.15,20,555,1,0,60395,780
5,2,4,277.08,26,419,1,0,46918,1300
1,1,1,47.32,14,510,30,0,77134,365
3,1,1,92.78,6,456,3,0,37508,348
2,1,1,87.4,9,834,11,0,49199,430
1,1,1,50.83,7,129,2,0,67873,345
3,2,2,133.09,22,765,12,0,67623,900
1,1,1,67.42,30,,20,0,43014,290
4,2,3,184.08,3,,2,0,54270,999
2,1,1,62.55,16,451,3,3,63949,400
1,1,1,41.5,16,419,14,4,83133,345
2,2,1,92.47,30,476,1,1,104899,970
2,1,1,56.4,6,485,4,4,120567,680
1,1,1,40.02,28,1196,6,1,79960,320
2,1,1,66.4,6,,0,3,69277,460
2,1,1,63.09,16,676,1,1,68157,430
2,1,1,70.08,14,625,0,1,53510,375
2,1,1,49.54,6,957,2,1,72669,360
3,2,2,139.1,10,277,1,1,109849,1528
3,2,2,123.05,22,,5,4,71516,880
3,2,2,136.38,18,659,2,3,82857,1130
3,1,1,69.64,6,433,3,3,109133,760
1,1,1,38.43,6,551,10,1,77544,298
3,2,2,272.94,28,833,2,1,80604,2200
3,2,2,119.87,6,520,1,1,38375,460
2,1,1,55.8,6,380,10,1,100000,558
2,1,1,53.62,6,1013,6,6,62477,335
3,1,1,94.6,4,752,11,7,110994,1050
2,1,1,81.72,6,304,4,1,51395,420
2,1,1,50.6,5,1003,4,6,90909,460
1,1,1,51.83,6,462,9,7,105151,545
2,1,1,42.42,5,873,19,6,66007,280
4,3,3,291.06,4,1338,7,1,71463,2080
2,2,1,90.15,6,,10,4,47698,430
2,1,1,54.5,6,467,15,5,85321,465
3,2,2,132.98,9,,6,0,60911,810
3,1,2,135.7,19,1091,7,3,99484,1350
2,1,1,57.12,6,754,24,1,63025,360
1,1,1,50.72,18,693,17,3,62697,318
4,2,1,95.91,32,298,13,2,47962,460
2,1,1,62.09,12,1016,16,1,62812,390
3,1,1,63.09,7,517,3,1,125218,790
4,2,2,147.57,22,521,6,2,60988,900
3,2,2,144.44,11,1000,1,0,48325,698
2,1,1,55.29,5,1211,2,0,49014,271
4,1,2,134.38,18,730,0,0,56482,759
2,1,1,72.82,22,694,1,0,67976,495
2,1,1,54.69,6,425,49,0,60889,333
2,1,1,80.34,10,632,1,0,112024,900
2,1,1,75.02,6,,1,1,40256,302
3,1,1,99.74,6,,2,1,45117,450
2,1,1,64.1,6,947,1,4,130265,835
3,1,1,123,26,760,1,5,78049,960
2,1,1,68.8,22,719,5,2,110465,760
3,2,2,124.26,6,521,0,3,46998,584
2,1,1,96.41,26,1097,2,1,51654,498
3,2,2,116.94,10,1399,0,1,64991,760
1,1,1,56.05,24,524,15,6,50847,285
3,1,1,77.3,6,900,3,1,69211,535
2,2,2,126.01,16,904,1,1,85707,1080
2,1,1,58.7,6,1093,0,2,84838,498
3,1,1,73,6,914,4,9,139726,1020
3,2,1,140.34,28,571,1,1,49808,699
2,1,1,82.66,24,225,3,1,45367,375
2,1,1,90.25,15,,1,2,29917,270
3,2,2,110.75,6,,1,2,42438,470
1,1,1,48.36,21,,1,2,63689,308
2,1,1,67.75,6,802,1,8,89299,605
2,1,1,98.43,26,1010,2,1,64513,635
3,2,2,151.54,6,399,0,1,52725,799
1,1,1,45.91,25,284,0,1,100196,460
3,1,1,88.58,15,1278,1,2,53285,472
3,2,2,135.08,20,760,19,2,77732,1050
2,1,1,63.93,18,616,7,5,75864,485
3,1,1,99.45,15,,3,1,29663,295
2,1,1,48.09,4,479,3,1,124766,600
2,2,2,129.94,16,1272,1,1,37710,490
4,2,2,179.25,9,,2,1,50209,900
2,1,1,105.55,30,1335,7,2,74846,790
1,1,1,62,12,679,5,1,46452,288
3,1,1,48.33,7,597,5,1,74488,360
3,2,2,112.3,6,659,16,1,147818,1660
3,2,3,164.49,6,1394,0,1,82072,1350
2,1,1,63.84,17,344,12,1,70489,450
2,1,1,98.19,9,417,1,0,71189,699
2,1,1,112.57,30,593,6,0,67514,760
2,2,1,89.93,35,198,1,0,58935,530
1,1,1,40.39,18,420,0,0,86408,349
1,1,1,54.83,22,655,0,0,72953,400
2,1,1,64.35,6,1446,5,0,65268,420
3,2,2,135.17,24,490,0,0,81379,1100
1,1,1,45.8,9,595,7,0,76638,351
2,1,1,87.05,11,804,0,0,59736,520
1,1,1,65.91,18,,0,0,52344,345
4,2,2,91.54,18,1367,0,0,57898,530
2,2,2,130.13,4,,0,0,53639,698
2,1,1,59.1,6,1183,0,0,91371,540
1,1,1,69.53,18,1094,0,0,69898,486
3,2,2,128.68,20,555,4,0,59061,760
2,2,1,102.1,15,611,1,0,115573,1180
3,2,2,128.56,10,223,0,0,71562,920
2,1,1,96.88,18,655,0,0,67093,650
2,2,2,116.94,11,534,0,0,51308,600
2,1,1,91.71,27,555,1,0,58336,535
3,1,1,104.4,7,758,1,0,100575,1050
1,1,1,61.11,22,208,1,0,62183,380
3,2,2,152.35,10,227,0,0,50870,775
3,1,2,177.19,16,398,0,0,95942,1700
3,1,1,114.81,7,828,1,0,46163,530
1,1,1,43.09,9,1399,0,0,64980,280
2,2,1,89.18,34,198,0,0,57188,510
3,2,2,108.19,10,,2,0,51576,558
1,0,1,35.42,22,847,4,0,71993,255
3,2,2,126.43,18,,5,0,56949,720
2,1,1,52.9,6,614,1,0,79395,420
1,1,1,45.4,6,552,3,0,85903,390
3,2,2,140.75,24,938,1,0,60391,850
2,1,1,86.78,35,460,0,0,58769,510
2,1,2,118.97,27,950,2,0,67244,800
2,1,1,96.74,20,306,4,0,79388,768
2,1,1,77.64,19,804,2,0,66332,515
2,1,1,58.03,6,700,4,0,59452,345
1,1,1,107.02,24,1210,3,0,73818,790
2,1,1,63.86,6,477,3,0,82994,530
3,2,2,143.6,6,528,0,0,146240,2100
3,2,2,148.3,12,868,0,0,65745,975
2,1,1,87.57,9,485,0,0,134749,1180
2,1,1,88.78,19,896,10,0,59698,530
2,1,1,99.39,15,275,2,0,48295,480
3,2,2,152.34,4,,1,0,39386,600
2,1,1,91.48,21,431,2,0,94010,860
2,1,1,73.1,6,444,7,0,38988,285
4,2,2,172.6,4,1247,3,0,42294,730
4,2,2,232.7,30,372,1,0,51569,1200
2,1,1,96.47,20,718,3,0,44055,425
2,2,1,91.09,15,1079,7,0,60270,549
1,1,1,65,12,392,6,0,96923,630
1,2,1,66.27,14,611,3,0,69413,460
3,2,2,191.08,34,816,0,0,54951,1050
2,1,1,76.2,11,947,8,0,118110,900
2,1,1,58.29,6,699,18,0,63476,370
2,1,1,78.6,6,1227,9,0,50891,400
1,1,1,25.3,26,530,21,0,123320,312
1,1,1,70.17,21,1335,5,0,58287,409
1,1,1,60.77,19,1091,3,0,101695,618
3,1,1,97.86,6,832,7,0,80625,789
2,1,1,69.11,6,644,1,0,57155,395
2,1,1,81.34,15,834,9,0,50406,410
1,1,1,62.17,19,291,0,0,82033,510
3,2,2,144.44,26,765,0,0,75325,1088
4,2,3,222.55,9,1045,1,0,91215,2030
2,1,1,94.42,6,865,44,0,42364,400
2,1,1,91.1,20,419,4,0,142700,1300
3,2,2,119.03,13,304,6,0,61329,730
3,2,2,159.7,13,514,3,0,65748,1050
2,2,1,92.53,12,,2,0,69707,645
6,2,2,440.69,24,796,1,0,55595,2450
1,1,1,50.69,12,,4,0,54251,275
3,2,2,174.52,8,,7,0,44981,785
1,1,1,41.03,6,1138,4,0,90178,370
3,2,2,121.5,13,,0,0,69959,850
1,1,1,73.32,25,879,1,0,64103,470
2,1,1,59.52,16,563,2,1,100806,600
1,1,1,43.3,16,1027,0,2,97460,422
2,1,1,97.31,8,751,0,0,49327,480
2,1,1,53.23,7,409,9,0,46027,245
3,2,2,142,26,476,0,0,109155,1550
1,1,1,38.68,12,1064,4,0,54292,210
1,1,1,38.99,17,249,6,0,102590,400
3,1,1,94.02,17,,2,0,51585,485
2,1,1,66.58,6,763,2,0,59327,395
2,1,1,66.58,6,763,1,0,60078,400
1,2,1,98.4,17,393,0,0,69106,680
1,1,1,45.14,6,509,3,0,71998,325
2,2,2,131.87,11,687,0,0,75756,999
3,1,1,69.7,6,1026,1,0,129125,900
2,1,1,86.01,7,813,1,0,49994,430
2,2,1,89.96,7,1367,1,0,42797,385
2,1,2,107.32,32,745,0,0,72680,780
2,2,1,80.39,6,,2,1,69536,559
2,2,2,108.65,14,630,0,1,66268,720
3,2,2,144,24,291,0,0,83333,1200
2,1,1,56.7,6,,0,0,69665,395
2,1,1,89.02,21,448,3,0,44372,395
3,2,2,120.8,7,480,0,0,72848,880
1,1,1,36.96,21,327,0,0,81439,301
2,1,2,149.27,18,731,1,0,86086,1285
3,2,2,131.76,11,660,2,0,105495,1390
1,1,1,38.74,15,823,12,0,56789,220
2,1,1,94.49,26,288,1,0,121706,1150
3,2,1,101.22,6,642,1,0,97807,990
2,2,2,124.87,9,602,0,0,71274,890
6,4,4,431.76,2,918,0,0,134334,5800
2,1,2,93.87,22,161,0,0,55928,525
2,1,1,87.84,20,576,2,0,47587,418
2,1,1,94.25,29,291,0,0,78302,738
3,2,2,133.82,19,1119,1,0,57914,775
3,1,1,114.83,4,,1,0,38318,440
2,1,1,71.59,12,,2,0,47493,340
2,2,1,111,9,720,3,0,47387,526
2,1,1,100.29,24,278,8,0,44870,450
1,1,1,45.27,4,860,4,0,90126,408
2,1,1,61.12,3,515,1,0,75098,459
1,0,1,40.23,10,1445,6,0,66617,268
1,1,1,39.62,18,306,5,0,72691,288
3,1,1,88.93,21,,4,0,38457,342
1,1,1,58.46,12,415,3,0,88950,520
2,1,1,98.7,30,1141,1,0,68896,680
2,1,1,69.33,6,260,0,0,79331,550
2,1,2,95.39,18,589,1,0,144669,1380
2,1,1,95.42,11,,0,0,46950,448
3,2,1,125.63,28,421,0,0,60495,760
1,1,1,59.84,14,,1,0,66009,395
3,1,1,113.85,25,819,5,0,45498,518
2,1,1,63.86,6,477,0,0,86126,550
2,1,1,68.91,6,1232,0,0,42084,290
3,1,2,133.19,27,630,0,0,61566,820
3,2,2,176.39,18,263,1,0,93996,1658
1,1,1,27.84,14,607,5,0,63937,178
3,1,1,85.05,18,387,3,0,58789,500
2,1,1,68.35,30,420,5,0,53402,365
2,1,1,84,6,262,2,0,55952,470
3,1,1,111.65,6,396,3,0,110166,1230
2,1,1,88.91,6,1465,3,0,78731,700
2,1,1,58.2,6,784,1,0,63574,370
5,2,3,252.55,6,666,2,0,26925,680
3,2,2,152.16,4,,1,0,47319,720
2,1,1,81.25,6,1227,4,0,49231,400
2,1,1,77.05,7,827,1,0,54250,418
4,2,3,219.79,10,,0,0,60057,1320
1,1,1,45.34,6,579,5,0,65946,299
2,1,1,53.2,5,361,3,0,88346,470
3,1,2,117.8,18,1311,1,0,42869,505
1,2,1,84.32,9,1074,0,0,71157,600
1,1,1,70.39,24,1062,0,0,73874,520
1,1,1,46.54,7,1027,2,0,102063,475
3,2,2,162.88,14,765,0,0,92092,1500
2,1,1,74.37,18,627,2,0,58088,432
1,1,1,50.25,21,524,39,0,47761,240
2,1,1,98.96,35,1196,0,0,82761,819
2,2,1,89.47,18,752,0,0,96122,860
2,1,1,61.33,6,1016,3,0,75004,460
2,1,1,92.59,14,1353,8,0,61508,569
3,2,1,97.37,23,721,1,0,50837,495
2,2,2,95.66,6,933,0,0,45474,435
3,2,2,141.4,6,1328,4,0,38897,550
2,1,2,111.78,28,521,2,0,65754,735
2,1,1,89.93,22,696,0,0,74058,666
2,1,2,117.54,17,441,1,0,80824,950
5,3,3,504.12,3,1468,2,0,39673,2000
2,2,1,96.98,18,,1,0,86616,840
3,2,2,146.9,5,1388,1,0,44929,660
2,1,1,54.95,6,1378,8,0,69154,380
2,1,1,58.4,6,579,4,0,68493,400
2,2,1,99.03,6,566,2,0,47965,475
1,1,1,62.46,20,1119,3,0,52033,325
2,1,2,110.04,35,1196,1,0,84969,935
2,1,1,50.42,6,1178,8,0,52559,265
3,1,2,128.99,6,1024,1,0,40313,520
2,2,2,124.19,24,1243,0,0,40261,500
2,2,2,119.89,7,543,1,0,116607,1398
2,1,1,87.27,22,,0,0,40105,350
3,1,1,68.48,5,439,0,0,105140,720
2,2,1,103.45,25,482,1,0,62832,650
2,2,1,65.1,5,479,5,0,119816,780
3,1,1,88.72,19,376,1,0,123986,1100
1,1,1,44.93,6,612,1,0,124638,560
3,2,2,152.62,24,521,0,0,62246,950
3,2,2,128.53,30,482,2,0,68077,875
1,1,1,63.16,20,865,0,0,79006,499
2,1,1,63.7,6,516,4,0,133438,850
3,1,1,103.8,18,1498,4,0,57803,600
2,1,1,82.43,9,979,5,0,49133,405
1,1,1,58.42,22,308,0,0,78398,458
2,1,1,88.43,28,674,3,0,48626,430
2,1,2,118.73,18,655,1,0,58789,698
1,1,1,66.05,22,308,0,0,83270,550
2,1,1,114.06,24,665,3,0,61371,700
2,1,1,84.18,6,614,3,0,47280,398
2,1,1,91.42,6,349,6,0,40363,369
1,1,1,66.11,24,402,1,0,87430,578
1,1,1,57,6,1027,1,0,103509,590
3,2,2,166.42,20,905,1,0,41461,690
2,1,1,81.36,7,480,2,0,64528,525
2,1,1,63.8,4,479,5,0,125392,800
3,2,2,129.98,6,,0,0,37698,490
4,1,2,249.63,18,566,0,0,56083,1400
2,1,1,57.14,6,370,16,0,64753,370
2,2,2,110.04,6,1387,4,0,60887,670
2,2,1,94.59,21,589,2,0,136907,1295
2,1,1,56.1,5,558,5,0,74510,418
3,1,1,91,6,441,0,0,120330,1095
2,2,1,80.92,11,979,10,0,46960,380
2,2,1,89.37,11,,4,0,49905,446
2,2,2,113.98,6,521,1,0,46499,530
4,2,3,271.86,5,,8,0,25381,690
1,1,1,56.9,6,914,6,0,131810,750
2,1,1,94.55,24,288,2,0,114225,1080
3,2,2,97.7,6,1201,1,0,78813,770
2,1,1,81.72,6,1426,3,0,39158,320
2,1,1,68.91,26,524,24,0,43245,298
3,2,2,134.04,18,835,0,0,52223,700
2,2,1,96.59,18,589,1,0,144943,1400
1,1,1,48.7,7,418,1,0,84189,410
1,1,1,60.51,24,482,0,0,74368,450
2,1,1,60.3,5,703,2,0,104312,629
1,0,1,38.09,16,889,12,0,61171,233
1,1,1,79.64,26,564,1,0,66549,530
3,1,1,103.74,15,1207,0,0,120494,1250
2,2,1,97.95,25,705,0,0,54109,530
2,1,1,84.57,6,1353,4,0,61488,520
2,1,1,53,5,360,4,0,83962,445
2,1,1,95.72,6,477,0,0,94547,905
1,1,1,34.61,18,692,1,0,83791,290
2,1,1,64.98,12,416,4,0,107725,700
1,1,1,61.89,28,825,16,0,52028,322
3,2,2,172.51,4,225,4,0,26085,450
3,1,1,140.48,27,172,0,0,83286,1170
2,2,2,110.21,9,521,3,0,48544,535
2,1,1,57.4,6,146,116,0,87108,500
2,1,1,52,5,1317,2,0,121154,630
2,2,2,132.26,25,431,3,0,49146,650
2,2,1,94.24,9,,4,0,61545,580
2,2,1,98.13,10,990,2,0,54010,530
2,1,1,81.61,17,1255,13,0,45950,375
2,1,1,61.9,18,481,12,0,113086,700
2,1,1,93.48,6,493,4,0,45999,430
3,1,1,104.03,6,1374,11,0,66615,693
3,2,2,131.27,6,1445,12,0,58658,770
2,1,1,69.74,19,797,0,0,68540,478
4,2,4,231.41,22,308,1,0,103712,2400
2,1,1,98.96,38,1196,0,0,85893,850
2,2,2,127.23,22,583,6,0,57298,729
4,2,2,200.23,12,216,0,0,49943,1000
2,1,1,76.64,6,349,9,0,44363,340
3,1,1,75.58,5,169,0,0,109817,830
1,1,1,48.39,18,440,13,0,99194,480
3,1,1,87.27,6,586,0,0,106566,930
3,2,2,117.39,28,577,2,1,78371,920
2,1,1,80.34,10,632,0,0,105800,850
2,2,2,113.78,6,1377,3,0,45702,520
4,2,3,180.79,7,632,1,0,75225,1360
3,2,2,145.71,6,688,2,0,79610,1160
3,1,1,83.92,24,306,1,0,69113,580
1,1,1,57.5,29,632,1,0,81739,470
,2,2,364.38,28,526,2,0,65865,2400
3,2,2,142.2,28,933,1,0,80872,1150
1,1,1,52.98,24,583,8,0,58513,310
3,2,2,135.2,6,1303,1,0,34393,465
2,2,2,129.95,29,1196,5,0,61562,800
2,1,1,89.21,25,386,24,0,60531,540
4,2,2,159.8,6,1201,1,0,75094,1200
2,1,2,110.04,35,1196,2,0,84969,935
2,1,1,77.34,14,983,0,0,49780,385
2,1,1,82.8,25,966,1,0,68841,570
4,1,2,169.62,7,878,6,0,34784,590
3,2,2,117.94,6,730,58,0,76310,900
2,1,1,106.52,26,297,1,0,74164,790
2,1,1,93.55,12,,0,0,43827,410
2,2,2,126.25,27,675,0,0,44752,565
2,1,1,95.92,6,1454,2,0,72769,698
1,1,1,65.57,6,754,11,0,40415,265
3,2,2,121.05,16,,2,0,42957,520
3,2,2,142.06,28,547,2,0,77432,1100
2,1,1,57.79,6,585,3,0,44644,258
2,1,1,63.32,7,723,2,0,49747,315
2,1,1,76.42,16,490,8,0,88982,680
3,2,2,154.72,6,,0,0,40072,620
3,2,2,114.91,18,746,0,0,60482,695
2,1,1,97.79,30,429,0,0,79763,780
3,2,4,253.05,25,526,0,0,62438,1580
2,1,1,56.76,6,457,4,0,88090,500
2,1,1,56.5,22,343,36,0,57522,325
1,1,1,58.7,7,986,0,0,55366,325
3,1,2,108.97,6,1328,0,0,41296,450
3,2,2,137.76,25,819,0,0,45732,630
2,1,1,64.59,15,1000,0,0,52640,340
1,1,1,67.3,26,1079,0,0,60921,410
3,2,3,158.7,11,223,0,0,68053,1080
2,1,1,66.86,28,524,22,0,41879,280
3,2,2,152.41,22,776,2,0,55771,850
3,1,2,100.47,7,666,17,0,56733,570
3,2,2,155.99,20,582,0,0,80133,1250
2,1,1,50.57,6,1225,26,0,92940,470
3,1,1,95.85,14,857,3,0,102243,980
3,2,2,113.69,12,220,10,0,69751,793
2,1,1,72.68,14,461,13,0,61915,450
1,1,1,29.35,6,914,46,0,78365,230
2,1,1,84.04,18,943,1,0,71395,600
1,1,1,52.18,6,741,25,0,111154,580
2,2,2,130.26,7,,17,0,24566,320
2,2,1,116.61,11,564,2,0,82326,960
2,1,1,58.2,6,1390,8,12,143471,835
2,1,1,57.74,6,479,13,25,112574,650
2,1,1,88.02,21,830,6,36,47262,416
3,2,2,127.68,22,348,0,22,61090,780
3,2,2,141.56,29,236,9,22,55807,790
2,1,1,59.3,17,775,18,26,57673,342
2,1,1,41.25,6,1194,69,31,50667,209
2,1,1,53.4,5,993,7,48,149813,800
2,1,1,88.67,20,992,17,35,60900,540
2,1,1,85.7,13,759,41,18,53676,460
3,1,1,101.81,12,389,22,23,52549,535
2,1,1,61.3,5,198,3,14,131811,808
1,1,1,95.82,42,236,8,18,50094,480
4,2,2,217.6,19,888,3,18,37684,820
3,1,2,182.82,14,203,22,22,66185,1210
3,1,1,82.75,4,687,3,11,87009,720
3,1,1,90.6,6,274,4,15,135762,1230
3,1,1,72.3,20,373,57,30,113416,820
2,1,1,88.7,12,290,0,10,122886,1090
2,1,1,61.1,16,829,0,14,86743,530
2,2,1,80.59,16,416,2,6,99020,798
1,2,1,65.91,18,587,2,4,50979,336
3,1,2,144.5,17,357,1,2,56747,820
1,1,1,60.52,6,459,2,3,44283,268
2,1,1,70.58,6,,0,1,37546,265
1,1,1,43.19,6,516,27,15,60662,262
1,1,1,46.19,16,633,28,19,70362,325
2,1,1,75,6,,0,1,45200,339
1,1,1,38.6,18,610,5,17,129534,500
3,1,1,76.62,14,401,8,23,56774,435
1,1,1,58.97,16,517,1,2,96998,572
3,1,1,115.8,4,748,7,24,107945,1250
1,1,1,44.7,18,329,4,2,80537,360
3,1,2,148.55,5,485,2,5,141367,2100
3,2,2,155.84,15,,0,1,35934,560
2,2,2,127.06,22,446,0,1,68157,866
2,1,1,58.92,7,409,1,1,66191,390
3,1,1,115.03,19,919,4,11,66939,770
2,1,1,69.78,14,1122,8,9,73087,510
3,1,1,68.9,6,1320,1,11,119739,825
3,1,1,79.36,16,732,5,9,98286,780
3,2,2,106.52,6,1236,6,13,40180,428
3,1,1,56.6,6,516,48,12,55654,315
2,1,1,82.12,28,855,23,13,46030,378
2,1,1,80.13,6,,3,11,39311,315
2,1,1,67.6,6,719,9,12,124260,840
1,1,1,58.95,7,521,0,9,65988,389
1,1,1,70.76,29,229,20,12,50876,360
1,1,1,62.44,6,,9,12,43242,270
2,1,1,86.46,27,893,5,12,47421,410
2,1,1,105.17,28,340,2,7,50870,535
2,1,1,83.72,12,522,8,10,54348,455
2,1,1,89.9,20,733,4,7,65406,588
2,1,1,79.93,12,1016,29,16,60303,482
3,1,1,89.3,20,335,6,8,117581,1050
1,1,1,39.6,6,770,11,13,65657,260
3,1,1,77.4,6,676,6,9,108527,840
2,1,1,63,6,335,10,12,108730,685
2,1,1,72.52,18,1084,2,10,116933,848
2,1,1,104.1,25,230,14,10,73967,770
2,2,1,94.74,24,595,11,9,54887,520
2,1,1,58.37,6,404,27,14,55679,325
3,2,2,185.6,18,440,7,1,83513,1550
2,1,1,75.13,6,,0,0,36603,275
2,1,2,109.43,27,655,7,1,74934,820
3,1,1,96.47,27,555,3,14,72043,695
3,1,1,56.89,5,811,1,10,100193,570
3,0,1,92.9,4,1152,1,10,100108,930
2,1,1,90.13,24,181,3,9,53811,485
2,1,1,57.86,18,473,2,12,78120,452
1,2,1,49.21,25,903,2,9,80878,398
1,1,1,57.31,20,352,15,11,53219,305
2,1,1,75.3,12,590,3,15,105976,798
1,1,1,46.62,6,888,18,8,66066,308
2,1,1,62.49,14,473,13,7,64010,400
3,1,1,77,6,959,2,14,129610,998
2,1,1,64.6,14,516,34,8,57585,372
3,2,2,217.61,26,274,9,16,57442,1250
2,1,1,51.54,6,684,54,0,91191,470
1,1,1,55.24,22,774,0,0,91600,506
2,1,1,68.62,18,144,1,0,88895,610
2,1,1,54,6,409,4,2,92222,498
3,1,2,128.53,7,,0,4,36490,469
3,2,2,149.09,25,426,0,1,73110,1090
2,1,1,53.99,6,587,3,6,59826,323
3,2,2,129.14,27,774,0,6,82856,1070
3,1,1,68.18,6,666,8,9,60135,410
2,1,1,54.59,6,409,4,1,82433,450
3,1,1,126.11,31,555,0,7,57886,730
2,1,1,60.56,14,697,56,13,80581,488
1,1,1,51.47,24,335,23,15,61784,318
2,1,1,51.88,6,1108,19,8,64572,335
2,1,1,49.32,6,322,8,13,67924,335
1,1,1,48.42,21,940,13,10,58860,285
2,1,1,50.7,6,1371,3,11,143984,730
2,1,1,66.44,16,970,5,10,79771,530
2,1,1,105.38,25,230,6,15,80660,850
3,1,1,59.91,5,832,44,11,66433,398
2,2,1,90.39,28,1205,13,15,92931,840
2,1,1,61.8,16,245,15,14,100000,618
3,1,1,78.04,5,481,1,8,57022,445
4,2,2,148.07,6,1291,20,10,123590,1830
2,1,1,58.3,6,198,1,0,140652,820
2,1,1,53.1,6,481,0,6,62147,330
1,1,1,48.3,6,,0,1,53830,260
2,1,1,107.15,20,426,28,12,66729,715
2,1,1,62.65,19,426,11,13,60974,382
2,1,1,47.88,6,763,19,12,95656,458
3,2,2,129.04,19,458,6,13,92064,1188
2,1,1,58,6,1097,3,11,134483,780
2,1,1,49.27,18,944,24,10,56830,280
3,1,1,67.6,18,993,2,14,144675,978
2,1,1,52.6,6,492,10,10,117871,620
2,1,1,70.5,16,1035,9,12,117730,830
2,1,1,61.4,18,311,12,15,95277,585
1,1,1,52.25,7,462,36,13,103349,540
2,1,1,68.22,16,1140,13,11,52770,360
2,1,1,63.13,6,845,10,10,98210,620
3,1,2,132.62,24,835,14,13,79475,1054
3,1,1,80.01,16,519,6,6,76865,615
2,1,1,59.21,6,409,2,5,62996,373
1,1,1,40.4,6,1010,32,6,60644,245
2,1,1,101.38,6,340,0,0,60663,615
2,2,1,102.51,20,555,2,5,64384,660
2,1,1,62.82,12,168,5,3,79274,498
1,1,1,49.18,27,334,7,6,71167,350
2,1,1,64.37,6,716,1,5,59034,380
2,1,1,57.6,6,591,2,3,124306,716
1,1,1,73.68,9,694,7,1,60125,443
2,1,1,65.88,22,188,4,6,56922,375
2,1,1,92.06,18,728,7,2,57028,525
2,1,2,91.54,23,,1,4,52436,480
3,2,2,87.3,7,779,0,2,107675,940
1,1,1,46.49,6,675,6,3,93569,435
1,1,1,80.35,24,726,1,5,57250,460
2,1,1,103.4,24,726,0,2,58027,600
1,1,1,69.84,17,203,1,6,64433,450
2,1,1,58.29,6,829,5,2,66907,390
1,1,1,51.58,6,563,4,3,129895,670
1,1,1,61.62,13,576,4,5,47063,290
3,2,2,163.3,8,610,5,3,72750,1188
2,1,1,102.46,30,364,4,1,62463,640
2,1,2,109.14,16,862,0,3,54517,595
3,2,2,141.65,21,397,2,0,60007,850
1,1,1,55.87,6,834,5,3,55128,308
3,2,2,152.56,5,,1,3,40967,625
2,1,1,82.06,16,799,7,8,103583,850
1,1,1,63.08,6,,1,8,45656,288
2,1,1,83.9,8,538,3,3,146603,1230
1,1,1,55.72,18,490,1,5,72685,405
2,1,1,77.3,18,705,32,7,62096,480
2,1,1,79,8,538,4,3,144937,1145
2,1,1,55.32,12,410,5,2,92191,510
3,1,1,62.97,10,25,7,4,106400,670
3,1,1,80.4,17,849,8,3,90796,730
2,1,1,58.7,17,697,14,5,81431,478
3,2,2,125,11,,2,7,66880,836
2,2,2,118.72,14,705,2,7,54919,652
2,2,1,127.72,7,808,2,5,130755,1670
2,2,1,110.41,22,697,4,5,50267,555
2,1,1,93.3,11,501,6,5,86602,808
2,1,1,97.5,6,418,3,4,47692,465
3,1,2,124.82,9,617,3,6,60087,750
2,1,1,96.92,16,618,3,4,67066,650
3,1,1,67.92,7,697,10,2,79505,540
2,2,1,78.17,24,402,6,8,67801,530
2,1,1,52.4,6,445,1,6,99237,520
1,1,1,70.6,24,1217,1,3,58074,410
3,1,1,98.86,18,162,2,7,49059,485
3,1,1,80.96,13,1098,1,2,65464,530
2,1,1,57.3,7,563,16,5,54974,315
2,1,1,58.98,6,60,22,3,70363,415
2,1,1,61.6,16,571,5,4,75487,465
2,2,2,105.85,18,434,2,4,43930,465
3,1,1,88.09,20,690,10,1,93087,820
2,1,1,51.8,5,1054,7,10,92664,480
2,1,1,86.63,28,393,1,7,98118,850
3,1,1,77.83,6,1427,0,2,67455,525
2,1,1,69.57,21,927,20,4,114848,799
2,1,1,53.34,6,343,38,2,59993,320
2,1,1,66.38,6,375,6,5,115999,770
2,1,1,91.41,7,1097,3,0,52511,480
3,2,2,113.19,20,438,7,4,52920,599
2,2,1,87.78,6,1296,3,2,48416,425
2,1,1,50.64,5,504,19,3,71090,360
3,2,2,150.2,17,523,3,6,116511,1750
4,2,2,199.85,17,523,3,2,112584,2250
4,2,2,148.3,11,490,4,3,70465,1045
2,1,1,91.6,26,460,9,5,70742,648
3,2,2,135.94,21,1135,4,1,55171,750
2,1,1,84.04,15,1044,17,7,47001,395
2,1,1,105.48,28,340,3,2,54513,575
2,1,1,106.04,5,1158,8,4,68653,728
1,1,1,47.25,21,436,6,4,73016,345
2,2,1,100.56,18,1210,129,3,50020,503
4,2,2,161.37,11,,4,0,45733,738
2,2,1,105.48,30,340,5,5,47308,499
3,1,1,84.22,6,1268,6,2,68749,579
3,1,1,62.8,6,868,39,1,56529,355
1,1,1,50.95,14,607,6,3,47105,240
1,1,1,39.62,21,862,11,8,82786,328
1,1,1,75.88,16,679,11,5,48761,370
3,1,1,100.44,18,961,6,1,102549,1030
2,1,1,100.65,22,158,17,2,56632,570
2,1,1,65.38,6,829,7,3,71123,465
2,2,1,90.32,6,607,7,1,43180,390
2,1,2,103.15,16,751,2,2,77557,800
2,2,2,113.63,21,,9,6,86245,980
2,1,1,49.64,6,248,8,7,88638,440
3,2,2,136.06,11,,2,0,88196,1200
3,2,1,116.48,6,658,1,1,45072,525
2,1,1,60.84,6,800,16,7,51446,313
2,1,1,108.8,14,,5,2,60662,660
3,2,2,114.83,11,577,3,3,82731,950
2,1,1,65,27,541,24,6,61538,400
3,1,1,110.73,24,1205,9,4,103856,1150
2,1,1,64.19,19,944,13,1,56084,360
2,2,2,120.03,14,639,1,2,84146,1010
1,0,1,46.92,11,,1,1,65004,305
1,1,1,41,6,451,20,3,61463,252
2,1,1,61.7,20,775,3,8,58347,360
3,2,2,168.44,28,236,1,2,65305,1100
2,1,1,80.47,22,575,6,4,77047,620
2,1,1,74,16,1151,13,8,124324,920
2,2,1,115.34,30,426,8,5,82365,950
2,1,1,80.6,20,592,0,1,142680,1150
2,1,2,94.38,27,816,11,8,52765,498
1,1,1,51.55,6,574,2,5,128031,660
3,1,2,156.35,22,1277,6,5,95939,1500
3,1,2,119.3,12,360,10,5,80469,960
1,1,1,56.86,12,993,6,1,51002,290
2,1,1,79.35,7,672,10,4,52930,420
3,1,1,104.03,11,993,3,1,60559,630
1,1,1,54.75,24,211,2,4,67945,372
4,3,3,152.12,6,277,2,2,105837,1610
2,1,1,82.56,6,,9,4,44816,370
1,1,1,45.34,6,579,11,1,68372,310
1,1,1,63.44,9,979,18,1,55170,350
2,1,1,59.34,6,871,25,1,65723,390
2,1,1,88.39,16,760,30,2,82023,725
3,1,1,77.55,6,868,11,3,60606,470
2,1,1,60.08,12,626,22,2,88216,530
2,1,1,90.32,16,358,7,4,131975,1192
3,1,1,74.9,16,563,19,5,65821,493
2,1,1,92.63,29,476,7,4,113354,1050
1,1,1,65.03,6,,34,6,43826,285
3,2,2,151.27,14,487,6,1,101144,1530
2,1,1,62.24,6,944,23,3,53985,336
2,2,2,123.35,17,458,17,4,97203,1199
2,1,1,89.56,6,,6,5,42988,385
2,1,1,86.49,18,961,4,3,93884,812
1,1,1,45.37,6,702,22,4,85960,390
2,1,1,73.92,18,744,24,5,64259,475
2,1,1,67.63,6,629,11,3,88422,598
1,1,1,63.35,27,659,12,0,81294,515
3,1,1,74.3,6,1378,13,1,59219,440
2,2,1,99.26,11,438,1,3,49365,490
3,2,2,134.87,24,,8,1,74145,1000
2,1,1,60.3,6,360,11,3,78773,475
2,1,1,63.08,6,335,22,3,54692,345
3,2,2,153,4,,7,1,44444,680
2,2,2,111.52,14,652,11,6,68598,765
3,1,1,91.2,6,568,8,1,63596,580
2,1,1,73.73,18,490,8,3,63475,468
3,2,2,123.73,23,761,7,2,56413,698
1,1,1,58.46,17,376,4,4,99897,584
3,1,2,168.41,22,221,2,1,72799,1226
1,1,1,53.71,14,424,10,6,135915,730
3,1,1,145.45,18,330,7,1,72190,1050
1,1,1,42.05,23,940,18,2,58264,245
2,1,1,92,28,476,2,4,110870,1020
1,1,1,44.91,6,829,14,6,72367,325
3,1,2,134.99,29,684,11,5,64449,870
3,2,2,130.07,6,932,14,6,34443,448
2,1,1,116.43,13,265,11,1,70429,820
3,1,1,91.8,6,419,19,1,81699,750
1,1,1,58.11,17,1068,34,5,54208,315
3,2,2,123.93,17,880,8,3,80529,998
3,2,2,137.5,24,733,15,1,56000,770
2,1,1,50.29,6,739,15,1,98429,495
4,2,2,267.32,18,338,11,2,97935,2618
3,2,2,162.84,6,332,4,1,44215,720
1,1,1,47.69,6,,3,7,50954,243
1,1,1,46.91,6,174,1,14,117246,550
2,1,1,98.62,9,,0,10,43602,430
3,1,1,86.68,6,716,26,6,53761,466
1,1,1,47.82,6,386,4,2,115015,550
2,1,1,59.69,6,269,13,4,61987,370
1,1,1,42.66,6,267,9,4,73840,315
3,1,1,101.29,6,936,3,1,43440,440
1,1,1,50.39,18,912,26,5,77396,390
2,1,1,59.64,5,1252,4,4,89705,535
2,1,1,81.45,15,1004,1,4,68508,558
3,2,2,143.54,16,333,2,2,64790,930
2,2,2,127.3,26,555,0,1,66771,850
3,2,2,140.96,22,289,6,1,90026,1269
2,1,1,90.82,18,369,18,1,42722,388
3,1,1,78.26,14,387,0,4,80501,630
2,2,2,116.54,25,861,11,3,46593,543
3,1,1,68.7,7,731,36,3,54585,375
2,1,1,77.34,19,,2,2,74994,580
2,1,1,91.74,20,322,7,6,73032,670
2,1,1,74.61,16,246,45,7,52138,389
2,1,1,85.16,6,168,0,0,105096,895
2,1,1,75,7,274,1,4,138667,1040
2,2,1,113.25,28,661,0,3,66225,750
2,2,1,98.51,21,306,0,2,61923,610
2,2,1,90.47,5,,3,2,38687,350
2,1,1,70.02,6,,2,5,44273,310
2,2,1,105.7,23,,0,1,40681,430
2,2,1,102.31,30,353,0,3,62066,635
2,1,1,97.08,23,,2,4,37083,360
1,1,1,46.74,6,,24,2,45999,215
2,1,1,99.01,6,1497,1,3,49995,495
1,1,1,43.79,6,284,4,3,58461,256
3,2,2,124.48,25,,1,1,41774,520
2,1,1,74.95,14,517,5,4,97398,730
2,1,1,93.4,10,,1,2,44968,420
2,1,1,93.62,6,281,4,5,45717,428
3,1,1,101.9,15,536,2,0,75074,765
3,1,1,87.48,6,,9,3,38866,340
2,2,1,97.79,21,306,1,2,73627,720
3,1,1,63.32,6,912,11,4,78648,498
1,1,1,52.73,20,894,3,1,62583,330
3,1,1,112.17,6,,5,2,29865,335
3,1,1,79.36,18,409,2,3,59224,470
2,1,2,93.49,30,268,3,1,42785,400
1,1,1,40.94,16,563,0,6,120909,495
2,1,1,89.84,11,,11,2,50646,455
2,1,1,75,21,345,0,2,124000,930
2,1,1,97.31,21,,35,1,30829,300
2,1,1,89.88,24,279,8,1,73431,660
1,1,1,69.08,11,1073,3,1,62247,430
2,2,1,84.32,6,,15,1,52182,440
2,1,1,46.88,6,490,9,6,80845,379
2,1,1,59.5,6,407,1,3,124370,740
2,1,1,92.38,21,465,7,3,58454,540
1,1,1,62.27,21,724,6,1,57170,356
3,1,1,81,19,345,5,0,132099,1070
2,1,1,92.77,29,476,1,5,110812,1028
2,1,1,97.08,23,,3,0,39143,380
2,2,2,132.3,22,550,6,1,58201,770
1,1,1,45.2,16,571,3,7,78761,356
3,1,1,68.6,6,,3,2,69971,480
2,1,1,107.77,20,258,0,1,75160,810
1,1,1,55.75,6,,3,3,44664,249
2,1,1,81.7,6,,0,4,49939,408
2,1,1,95.95,12,517,1,3,71912,690
1,1,1,41.8,6,811,6,2,90431,378
3,2,2,153.37,21,1205,0,2,91283,1400
2,1,1,76.5,24,811,0,3,88235,675
2,1,1,74.59,22,,10,2,48934,365
2,1,1,72.2,19,706,6,6,110665,799
2,2,1,112.88,11,490,0,1,74415,840
2,1,1,64.6,14,516,8,3,55728,360
2,1,1,77.7,6,914,4,8,126126,980
3,1,1,79.5,20,765,3,0,92453,735
1,1,1,42.16,6,815,1,7,99620,420
2,1,1,81.64,6,871,4,7,67369,550
1,1,1,61.03,27,659,0,1,84385,515
1,1,1,47.77,7,944,6,2,62801,300
3,2,2,148.3,6,829,15,2,53945,800
2,2,1,102.89,28,744,2,1,69978,720
3,1,1,77.21,20,318,1,4,57635,445
2,2,2,126.06,28,365,0,3,88847,1120
3,1,1,64.08,5,335,15,6,61954,397
4,1,2,60.3,7,429,9,4,84577,510
2,1,1,58.92,6,,12,7,62458,368
2,1,1,62,5,520,8,4,90323,560
3,1,1,90.7,6,552,3,1,100000,907
2,2,1,114.83,16,491,0,2,61395,705
3,1,1,88.71,16,420,7,7,100327,890
2,1,1,48.5,5,339,14,8,117113,568
1,1,1,36.5,6,1378,15,6,76438,279
1,1,1,69.22,21,691,1,1,87402,605
2,1,1,92.39,7,1112,1,3,97305,899
2,1,1,60.53,16,417,6,7,74839,453
2,1,1,68.36,9,518,10,4,100936,690
3,2,2,115.48,11,993,1,1,63214,730
2,1,1,63.9,6,918,6,5,57121,365
2,1,1,79.73,6,513,7,3,116017,925
1,1,1,62.57,6,1225,6,1,63928,400
1,1,1,39.51,18,741,24,2,67831,268
2,1,1,65.27,16,716,8,3,59292,387
1,1,1,52.3,22,760,39,1,59273,310
2,1,1,104.99,21,588,0,2,77626,815
1,1,1,64.1,28,1098,7,2,62402,400
1,1,1,40.06,6,620,9,2,95357,382
2,1,1,116.55,25,491,1,1,90090,1050
2,1,1,57,16,249,9,1,89474,510
1,1,1,68.29,31,691,1,1,90789,620
2,1,1,64.37,16,280,3,3,57480,370
2,2,1,100.39,27,417,3,4,59767,600
4,2,2,173.6,6,222,6,2,120276,2088
2,1,1,57.9,6,590,5,0,106218,615
3,2,2,132.42,14,691,7,4,94397,1250
2,2,1,98.86,6,,2,5,46025,455
3,2,1,86.91,6,648,1,1,51663,449
1,1,1,42.86,6,528,18,5,67662,290
2,1,1,64.01,6,716,8,2,57960,371
1,1,1,53.58,16,513,10,6,77454,415
2,1,1,94.55,6,642,1,1,95188,900
3,2,2,144.8,6,,14,1,25207,365
2,1,1,60.67,6,292,2,4,67579,410
3,1,1,70.88,12,570,2,4,94526,670
2,2,1,100.62,21,983,2,2,75532,760
2,1,1,68.36,6,748,25,5,51931,355
2,1,1,92.38,21,465,7,1,59537,550
3,2,2,120.8,19,861,3,3,62086,750
3,1,1,63.6,6,805,6,2,82547,525
3,1,1,72.1,16,360,16,2,80444,580
3,1,1,120.68,26,1010,1,6,62976,760
4,1,1,134.03,16,501,12,1,61777,828
3,1,1,89.1,6,725,24,2,134680,1200
2,1,1,61.32,6,505,7,1,65232,400
2,2,2,93.86,12,,5,1,37822,355
3,1,1,62.7,6,719,21,3,124402,780
1,1,1,48.92,14,473,29,3,69297,339
4,2,2,114.37,12,116,10,2,87436,1000
2,1,1,69.34,30,315,261,6,38650,268
3,1,1,75.7,6,477,33,8,81242,615
2,1,1,60.7,16,247,4,0,114662,696
2,2,2,117.17,13,261,5,1,71691,840
2,1,1,74.4,9,492,10,2,94892,706
3,2,2,150.33,22,737,12,2,79159,1190
3,2,2,122.17,22,582,12,8,78579,960
1,1,1,58.7,20,645,19,4,67973,399
1,1,1,42.92,12,346,2,4,83877,360
1,1,1,37.24,5,502,44,6,75188,280
2,1,1,69.08,6,838,5,5,54285,375
2,1,2,119.91,15,880,4,5,90902,1090
3,1,1,98.43,6,1419,6,5,42162,415
2,1,1,75.68,80,396,59,1,46908,355
2,1,1,67.17,30,457,10,2,73694,495
2,1,1,79.57,6,780,1,3,49642,395
2,1,1,65.24,22,888,1,4,65910,430
3,1,1,77.68,16,280,7,2,50206,390
3,2,2,237.86,19,795,1,4,86185,2050
3,1,1,80.6,20,592,2,6,141191,1138
3,2,2,185.87,32,236,2,4,59181,1100
2,1,1,66.13,6,1427,1,5,69560,460
1,1,1,66.57,20,834,0,1,105152,700
2,1,1,97.3,18,693,0,2,62693,610
2,1,1,81.19,16,376,0,1,108388,880
2,1,1,91.82,20,1061,0,4,53365,490
1,1,1,42.36,17,587,4,8,66100,280
3,1,1,69.3,6,829,3,2,84416,585
3,1,1,59.5,5,688,4,3,144538,860
1,1,1,84.24,9,1074,0,1,65290,550
3,2,2,147.31,18,446,0,2,69242,1020
3,1,1,78.65,14,1302,2,7,86459,680
1,1,1,48.65,15,322,2,4,55498,270
3,1,1,108.2,6,992,2,4,96118,1040
1,1,1,61.97,22,,3,3,72454,449
3,2,2,133.66,16,381,4,1,55215,738
4,2,2,99.25,5,511,0,1,83627,830
2,1,1,54.47,6,702,0,2,60584,330
2,1,1,91.82,18,1061,2,3,51187,470
3,1,1,72.34,6,474,0,2,57368,415
2,1,1,89.49,27,659,1,1,98335,880
2,1,1,70.3,6,610,0,1,135135,950
2,1,1,82.91,25,819,5,2,51863,430
3,1,2,124.95,13,1061,0,1,55622,695
2,1,1,48.04,16,245,5,3,107202,515
2,1,1,90.75,33,460,5,1,58402,530
2,2,2,117.05,14,705,1,4,56215,658
1,1,1,34.46,25,105,5,4,80093,276
2,2,2,123.24,15,564,0,5,70188,865
1,1,1,56.95,6,513,1,1,115891,660
2,1,1,114.41,23,249,0,3,94397,1080
1,1,1,46.47,6,833,3,5,60254,280
1,1,1,45.47,27,570,0,5,91269,415
2,1,1,59.69,31,366,16,7,47747,285
1,1,1,65.73,23,630,1,7,63898,420
3,1,1,91.02,16,376,4,2,93386,850
2,1,1,74.51,20,775,2,8,100658,750
3,2,2,165.51,15,376,1,1,79753,1320
3,1,2,108,24,744,5,2,64815,700
1,1,1,73.27,22,583,2,6,69060,506
3,1,1,156.35,22,1277,1,1,102335,1600
2,1,1,90.66,21,1045,1,3,88242,800
2,1,1,64.39,6,592,3,3,79981,515
3,2,2,125.38,20,438,0,1,50167,629
2,1,1,63.43,6,463,2,1,114930,729
3,1,1,76.06,6,1373,1,2,66132,503
3,2,2,122.35,24,952,1,1,71925,880
1,1,1,39.94,25,460,2,2,67601,270
3,2,2,126.01,15,438,2,1,53170,670
1,1,1,52.98,20,1299,2,1,80219,425
3,2,2,153.49,25,422,1,2,61893,950
2,1,1,107.75,21,357,1,2,57541,620
2,1,1,56.13,6,342,2,1,86941,488
3,1,1,86.9,24,719,1,3,120829,1050
2,1,1,144.3,39,236,0,6,45045,650
3,2,1,123.3,25,,1,2,61638,760
2,2,1,87.46,26,827,2,3,80951,708
2,2,2,52.41,18,945,2,5,94448,495
3,2,1,106.72,25,1010,0,1,69903,746
2,1,1,89.23,20,760,4,4,82483,736
1,1,1,43.9,6,772,18,5,113895,500
3,1,2,124.39,27,774,0,3,83528,1039
2,1,1,58.64,6,1108,2,2,74352,436
2,1,1,57.3,6,620,1,1,107330,615
3,1,1,116.94,14,1107,0,3,89619,1048
2,1,1,102.84,6,464,2,2,46674,480
2,2,1,108.14,26,861,2,3,53634,580
3,1,1,83.94,24,714,12,2,73862,620
2,1,1,51.44,5,378,13,3,42768,220
1,1,1,43.79,20,530,7,4,90888,398
2,1,1,83.86,6,,4,1,51276,430
1,1,1,69.18,18,674,2,2,67216,465
3,1,1,116.17,31,760,2,1,77473,900
2,1,1,76.08,7,513,2,1,118297,900
1,1,1,51.4,31,400,12,2,54669,281
2,1,1,88.79,24,1102,4,2,85595,760
1,1,1,41.32,18,629,4,2,116167,480
2,2,2,88.66,16,1010,1,4,67110,595
2,1,1,55.7,6,914,3,2,135548,755
1,1,1,76.05,14,447,1,1,84155,640
2,1,1,75.15,23,1020,0,1,53227,400
2,1,1,95.7,24,891,7,7,68757,658
2,2,1,92.65,18,,4,4,59363,550
1,1,1,43.98,10,552,3,2,89814,395
1,1,1,70.11,28,364,2,8,62759,440
2,1,1,81.86,7,704,3,2,67188,550
3,1,1,88.7,15,370,1,2,67418,598
2,1,1,54.47,6,453,11,1,56912,310
3,1,1,71.55,6,554,0,5,124389,890
2,1,1,88.36,21,600,8,2,78090,690
3,2,2,130.09,14,693,1,3,92244,1200
2,1,1,67.1,12,1068,8,4,93890,630
2,1,1,94.18,26,760,1,3,77511,730
2,2,2,110.96,26,861,2,9,50919,565
3,1,1,82.75,6,1027,4,2,97402,806
2,2,2,124.98,13,587,0,1,70411,880
5,2,3,202.11,6,828,2,1,40572,820
3,1,1,85.9,24,719,3,5,124563,1070
1,1,1,57.71,6,447,1,3,109167,630
2,1,1,64.55,18,793,3,1,66615,430
3,1,1,66.6,4,479,4,3,123123,820
2,1,1,70,25,541,1,1,66429,465
1,1,1,34.46,25,105,8,1,80093,276
3,2,2,88.82,10,1181,3,2,119905,1065
3,1,1,113.85,25,819,4,2,45674,520
1,1,1,42.4,6,476,1,2,146226,620
3,1,1,68.28,5,1152,23,2,73228,500
3,1,1,81.31,18,1016,6,1,61493,500
3,1,1,68.68,6,553,6,3,88090,605
1,1,1,36.16,5,1152,23,2,87113,315
2,1,1,88.58,30,1098,0,2,58140,515
1,1,1,70.26,9,490,6,0,75434,530
2,1,1,54.2,4,461,6,2,48893,265
2,1,1,85.81,27,1098,0,1,66426,570
2,1,1,62,6,852,0,2,101613,630
2,1,1,57.19,6,803,13,1,92674,530
3,1,1,71.2,18,1077,3,1,99719,710
1,1,1,43.74,24,335,42,9,69730,305
2,1,1,79.85,28,374,1,1,71384,570
2,1,1,86.53,18,735,0,2,47382,410
2,2,1,108.35,30,426,4,2,92109,998
1,1,1,44.5,6,502,2,3,82022,365
2,1,1,79.57,30,374,5,3,67236,535
3,1,1,113.98,36,1083,5,3,51763,590
2,1,1,88.28,6,794,3,1,116674,1030
3,2,2,183.01,28,574,1,2,86990,1592
3,2,2,130.85,18,665,3,1,93237,1220
1,1,1,67.42,19,920,1,3,100860,680
2,1,1,99.42,24,1463,9,3,71917,715
2,1,1,68.69,6,704,168,4,77158,530
2,1,1,83.2,14,340,3,2,132212,1100
3,1,1,91.94,15,729,12,1,48945,450
1,1,1,71.62,23,249,0,2,90757,650
3,2,2,117.27,31,856,4,1,83568,980
3,1,1,90.71,12,521,8,1,66145,600
2,1,1,62.5,18,552,3,5,88960,556
3,2,2,133.09,24,765,1,1,75137,1000
3,1,1,97.14,14,952,3,4,75149,730
2,1,2,52.7,19,684,14,2,91082,480
4,2,2,210.01,5,642,5,3,133327,2800
2,1,1,73.11,11,404,40,5,53071,388
2,1,1,72.65,6,292,1,1,66070,480
3,2,2,149.05,14,652,8,3,67092,1000
2,1,1,52.5,6,501,29,2,96190,505
3,2,2,125.15,10,1443,9,1,39553,495
2,2,1,99.4,26,1098,0,1,61871,615
1,1,1,43.44,5,832,8,2,98987,430
2,2,2,110.18,28,861,2,4,49918,550
3,2,2,124.35,15,797,3,6,84439,1050
2,2,2,112.9,21,983,2,1,75022,847
2,1,1,85.7,15,983,1,2,91599,785
2,1,1,63.07,6,,2,1,45029,284
3,2,2,124.64,12,302,4,1,74615,930
2,1,1,59.01,5,1015,48,1,47450,280
2,1,1,56.25,5,520,9,4,96889,545
3,1,2,129.08,6,932,0,4,35482,458
3,2,2,133.86,7,457,3,5,108322,1450
1,1,1,59.73,13,517,4,3,95429,570
3,1,1,123,26,760,18,2,77642,955
2,2,2,109.66,7,1015,4,0,50155,550
1,1,1,43.95,14,447,22,3,75085,330
3,2,2,142.93,29,555,2,1,56671,810
4,2,2,191.58,26,972,4,2,101785,1950
3,2,2,164.37,14,340,1,5,130802,2150
1,1,1,66.19,22,697,10,1,58166,385
1,1,1,99.64,27,570,5,1,65235,650
3,1,1,94.3,5,1145,6,1,65536,618
1,1,1,58.57,6,465,1,2,57879,339
2,1,1,59.44,16,168,3,1,99260,590
1,1,1,42.5,6,922,20,2,84471,359
2,1,1,58.7,6,1093,7,7,95400,560
2,1,1,55.55,6,362,8,3,105851,588
3,2,2,134.51,23,448,4,3,98877,1330
4,1,1,122.18,12,749,6,1,106400,1300
3,1,1,72.7,5,694,0,1,124897,908
2,1,1,69.87,18,364,1,2,95606,668
3,2,2,152.89,13,265,6,2,65145,996
1,1,1,54.9,6,748,12,2,57377,315
1,1,1,71.62,21,,3,2,79587,570
1,1,1,43.06,20,502,30,3,85927,370
3,2,2,142.29,12,925,7,1,60440,860
3,1,1,84.7,24,893,9,3,103896,880
1,1,1,62.13,22,583,8,6,70819,440
1,1,1,51.12,21,,0,1,89984,460
3,1,1,75.73,6,305,13,1,81870,620
1,1,1,62.22,21,588,0,1,74735,465
2,1,1,65.2,13,455,8,3,111196,725
1,1,1,42.6,6,671,3,1,98122,418
2,1,1,102.65,22,,2,3,69654,715
2,0,1,47.49,6,,10,1,53064,252
3,1,1,94.48,6,330,17,3,68798,650
1,1,1,36.3,6,659,3,3,114325,415
2,1,1,58.3,6,429,4,0,97770,570
3,2,1,124.28,6,1261,1,0,45864,570
1,1,1,45.84,6,343,23,0,61082,280
2,1,1,57.09,6,509,1,0,70941,405
2,1,1,85.99,21,761,6,0,61635,530
2,1,1,61,6,1138,15,0,54918,335
2,1,1,62.24,6,944,30,0,56716,353
3,2,2,146.62,6,659,5,0,41263,605
2,2,1,104.48,26,1074,2,0,74655,780
2,1,1,54.76,6,731,26,0,59898,328
3,2,2,130.07,18,353,3,0,61505,800
2,1,1,87.34,16,762,9,0,57248,500
2,1,1,91.72,21,460,2,0,71958,660
2,1,1,91.22,14,1168,31,0,52072,475
3,1,2,124.91,7,1370,3,0,40429,505
4,2,3,284.32,18,340,0,0,128376,3650
2,1,1,55.9,6,731,40,0,61717,345
2,2,1,80.65,6,530,5,0,105394,850
3,1,1,98.84,5,,6,0,41380,409
3,2,2,167.83,11,465,2,0,76268,1280
1,1,1,30.07,23,694,29,0,71500,215
3,1,1,109.29,4,,6,0,40260,440
3,2,2,178.91,19,,12,0,53658,960
2,2,2,98.23,6,1010,9,0,67189,660
3,1,1,115.87,26,555,10,0,63865,740
2,1,1,65.61,6,1017,13,0,105167,690
2,1,1,75.3,20,801,9,0,74369,560
2,1,1,72.96,6,1138,10,0,79359,579
2,1,1,57.34,6,322,22,0,59295,340
3,2,1,94.85,6,525,13,0,75382,715
2,1,1,92.44,17,254,22,0,51385,475
3,1,1,78.89,6,579,7,0,68323,539
3,1,1,66.12,6,712,3,0,96794,640
3,2,2,169.53,23,374,5,0,71964,1220
1,1,1,46.2,18,779,3,4,114719,530
2,1,1,57.3,6,655,1,3,78185,448
2,2,2,111.26,5,,6,2,33705,375
2,1,1,62.99,14,246,14,5,57946,365
3,1,1,91.81,21,1111,4,7,68620,630
3,2,2,116.84,6,759,9,1,53064,620
1,1,1,62.55,24,,8,1,76739,480
3,2,2,202.29,18,917,7,2,50917,1030
2,2,2,113.85,25,,2,3,65876,750
2,1,1,92.06,18,704,1,1,64089,590
2,1,1,85.52,14,588,4,0,56127,480
1,1,1,38.79,27,325,6,6,92292,358
3,1,1,125.3,6,,0,2,39904,500
2,2,1,87.61,26,827,1,2,81041,710
2,1,1,86.9,19,829,5,3,48331,420
2,1,1,57.25,27,,2,1,63755,365
1,1,1,66.2,6,287,7,1,58157,385
1,1,1,46.9,24,385,11,1,76759,360
2,1,1,72.76,28,608,5,3,97581,710
3,1,1,106.47,6,495,12,2,51658,550
4,2,2,142.17,16,1010,3,3,65415,930
4,2,2,170.71,6,893,0,1,35733,610
3,1,1,99.55,16,541,4,2,100452,1000
2,1,1,57.52,6,449,5,1,110396,635
3,2,1,130.79,28,744,6,3,67283,880
3,1,1,67.33,14,90,28,1,86143,580
3,2,2,152.11,26,568,10,2,93353,1420
3,1,2,91.35,6,660,10,1,120416,1100
2,1,1,104.13,12,503,0,0,89311,930
3,2,2,127.12,7,763,17,0,102266,1300
1,1,1,34.22,12,639,0,1,127995,438
2,1,1,63.6,20,652,1,2,94340,600
1,1,1,46.39,34,105,0,2,65747,305
2,1,2,107.84,29,221,0,4,78079,842
2,2,2,121.44,30,1196,0,1,62582,760
2,1,1,57.8,6,405,1,1,73529,425
3,1,2,109.8,22,303,7,5,130009,1427
2,1,1,88.34,10,1374,5,1,63165,558
1,1,1,44.38,18,793,0,3,81118,360
2,1,1,60.44,6,549,8,5,62541,378
1,1,1,54.48,10,971,11,3,62041,338
1,0,1,48.71,19,452,1,1,54404,265
1,1,1,58.39,12,1477,3,0,56517,330
1,1,1,82.52,10,402,2,1,119365,985
2,1,1,58.5,18,662,2,3,58120,340
2,1,1,83.89,28,952,4,6,71999,604
2,1,1,97,9,,0,5,40928,397
3,2,2,193.95,23,576,0,7,72184,1400
2,1,1,62.01,6,440,5,2,99984,620
3,2,2,136.37,18,943,0,2,102662,1400
2,1,1,93.48,6,997,6,0,47069,440
3,1,1,95.49,12,376,6,3,101581,970
3,2,2,134.86,6,761,1,1,38559,520
2,1,1,92.72,6,997,3,1,46915,435
4,2,2,228.33,17,453,5,1,85841,1960
2,1,1,67.8,4,825,6,1,82596,560
2,1,1,90.72,30,,3,1,66027,599
2,1,1,87.6,30,1083,5,4,50228,440
3,1,1,112.97,6,,3,3,41604,470
3,1,1,77.22,6,902,5,3,99068,765
2,1,1,86.9,6,997,4,1,52934,460
3,2,2,152.14,19,832,3,8,108453,1650
2,1,1,70.43,18,808,5,3,93710,660
1,1,1,54.24,6,1427,0,1,75590,410
2,2,1,130.03,25,431,2,1,73829,960
2,1,1,56.95,14,274,1,2,94820,540
2,1,1,74.79,28,861,12,4,60168,450
3,1,1,93.61,15,517,5,1,88666,830
4,1,3,198.74,26,,0,3,54342,1080
2,1,1,61.3,17,535,61,4,118271,725
2,1,1,60.7,16,264,10,3,74135,450
2,1,1,96.75,25,,5,7,97158,940
2,1,1,87,23,,9,6,48046,418
2,1,1,112.2,11,554,2,1,49465,555
4,1,1,128.7,6,129,3,2,93085,1198
1,1,1,58.81,18,807,12,1,73117,430
2,1,1,51.45,4,1116,3,0,96210,495
2,1,1,58.94,6,387,12,0,59382,350
2,1,1,99.52,15,,1,1,63304,630
4,2,2,218.23,4,1189,7,0,37117,810
3,2,1,92.77,6,278,5,1,99925,927
1,1,1,65.28,16,536,4,0,73529,480
1,1,1,78.31,27,555,0,0,64487,505
3,2,2,145.84,6,865,2,0,40455,590
1,1,1,67.52,15,1295,0,0,73460,496
3,1,1,75.7,27,541,5,0,64069,485
2,1,1,65.46,6,572,2,0,48885,320
3,1,1,94.91,7,1079,1,0,56369,535
3,2,2,143.19,29,236,0,0,54333,778
1,1,1,52.94,6,790,1,0,86891,460
1,1,1,69.46,18,1217,2,0,59027,410
2,1,1,62,6,1027,3,0,98065,608
3,1,1,87.1,18,1149,12,0,52813,460
1,1,1,64.31,16,180,4,0,54424,350
3,2,1,155.42,30,571,1,0,51473,800
3,2,2,148.23,20,834,1,0,64764,960
2,1,1,73.76,21,1138,4,0,58568,432
2,1,1,60.19,7,532,5,0,78086,470
2,1,1,67.86,6,,3,0,51503,349
3,2,2,135.2,21,417,7,0,80621,1090
2,1,1,100.32,22,1277,0,0,104665,1050
2,1,1,116.51,21,424,1,0,71925,838
2,1,1,65.43,4,902,5,0,53492,350
3,1,1,66.11,12,547,5,0,94539,625
2,1,1,88.44,11,291,5,0,72931,645
2,1,1,56.7,5,520,2,0,89947,510
1,1,1,42.76,6,868,41,0,65482,280
2,1,1,62,18,1149,17,0,60968,378
1,1,1,68.7,16,900,0,0,78603,540
2,1,1,57,6,476,8,0,135088,770
3,2,2,173.14,22,92,1,0,90678,1570
3,2,2,146.73,9,692,0,0,51796,760
2,1,1,62,16,1018,42,0,56452,350
2,1,1,70.51,7,644,12,0,66657,470
